{
  "version": "1.2.0",
  "style": {
    "width": 180,
    "background": "#d7d7d772",
    "classNames": [],
    "widthFix": true,
    "heightFix": true,
    "height": 28
  },
  "properties": {},
  "cssFiles": [],
  "jsFiles": [
    "composite:///field/image-select/imageSel.store.js"
  ],
  "elements": [
    {
      "title": "图片",
      "path": "ridge-semi/image",
      "id": "rfz2az0ynu",
      "style": {
        "position": "absolute",
        "visible": true,
        "x": 12,
        "y": 2,
        "width": 24,
        "height": 24
      },
      "styleEx": {},
      "props": {
        "preview": false
      },
      "propEx": {
        "src": "ImageSelectStore.state.currentImagePath"
      },
      "events": {},
      "visible": true,
      "locked": false,
      "full": false,
      "$id": "https://ridge-ui.com/schemas/element",
      "slots": []
    },
    {
      "title": "按钮",
      "path": "ridge-semi/button",
      "id": "q953etbvra",
      "style": {
        "position": "absolute",
        "visible": true,
        "x": 124,
        "y": 0,
        "width": 49,
        "height": 24
      },
      "styleEx": {},
      "props": {
        "icon": null,
        "type": "primary",
        "size": "small",
        "theme": "borderless",
        "disabled": false,
        "loading": false,
        "text": "选择"
      },
      "propEx": {},
      "events": {
        "onClick": [
          {
            "store": "ImageSelectStore",
            "method": "openModal",
            "payload": ""
          }
        ]
      },
      "visible": true,
      "locked": false,
      "full": false,
      "$id": "https://ridge-ui.com/schemas/element",
      "slots": []
    },
    {
      "title": "对话框",
      "path": "ridge-semi/modal",
      "id": "co0x2l3mc2",
      "style": {
        "position": "absolute",
        "visible": true,
        "x": 258,
        "y": 109,
        "width": 851,
        "height": 555
      },
      "styleEx": {},
      "props": {
        "value": false,
        "title": "选择图片",
        "textContent": "默认对话框文本内容",
        "okText": "确认",
        "hasCancel": true,
        "confirmLoading": false,
        "closeOnEsc": false,
        "content": "xjb15smhty",
        "cancelText": "关闭",
        "showHeader": true,
        "showFooter": true
      },
      "propEx": {
        "value": "ImageSelectStore.state.modalOpen",
        "title": null,
        "textContent": null
      },
      "events": {
        "onOk": [
          {
            "store": "ImageSelectStore",
            "method": "confirmSelected",
            "payload": ""
          }
        ]
      },
      "visible": true,
      "locked": false,
      "full": false,
      "$id": "https://ridge-ui.com/schemas/element",
      "slots": [
        "xjb15smhty"
      ]
    },
    {
      "title": "标签栏",
      "path": "ridge-semi/tabs",
      "id": "q6r1tlizki",
      "style": {
        "position": "absolute",
        "visible": true,
        "x": 0,
        "y": 0,
        "width": 788,
        "height": 46
      },
      "styleEx": {},
      "props": {
        "value": "",
        "tabs": [
          {
            "label": "选项1",
            "value": "value1"
          },
          {
            "label": "选项2",
            "value": "value2"
          }
        ],
        "size": "default",
        "type": "line",
        "direction": "horizontal"
      },
      "propEx": {
        "tabs": "ImageSelectStore.state.tabList",
        "value": "ImageSelectStore.state.currentTab"
      },
      "events": {},
      "visible": true,
      "locked": false,
      "full": false,
      "$id": "https://ridge-ui.com/schemas/element",
      "slots": []
    },
    {
      "title": "选择内容模板",
      "path": "ridge-container/flex",
      "id": "xjb15smhty",
      "style": {
        "position": "absolute",
        "visible": true,
        "x": 370,
        "y": -16,
        "width": 360,
        "height": 240
      },
      "styleEx": {},
      "props": {
        "direction": "column",
        "justify": "flex-start",
        "alignItems": "flex-start",
        "flexWrap": false,
        "children": [
          "q6r1tlizki",
          "qieqk3xlk8"
        ],
        "gap": 0,
        "padding": 0,
        "classList": []
      },
      "propEx": {},
      "events": {},
      "visible": true,
      "locked": false,
      "full": false,
      "$id": "https://ridge-ui.com/schemas/element",
      "slots": [],
      "slot": true
    },
    {
      "title": "切换层",
      "path": "ridge-container/layers",
      "id": "qieqk3xlk8",
      "style": {
        "position": "absolute",
        "visible": true,
        "x": 0,
        "y": 0,
        "width": 793,
        "height": 347
      },
      "styleEx": {},
      "props": {
        "current": "",
        "preload": true,
        "classNames": [],
        "children": [
          "lbgwla08hu",
          "ogp5i4kc70"
        ]
      },
      "propEx": {
        "current": "ImageSelectStore.state.currentTab"
      },
      "events": {},
      "visible": true,
      "locked": false,
      "full": false,
      "$id": "https://ridge-ui.com/schemas/element",
      "slots": []
    },
    {
      "title": "remoteUrl",
      "path": "ridge-container/flex",
      "id": "lbgwla08hu",
      "style": {
        "position": "absolute",
        "visible": true,
        "x": 990,
        "y": 334,
        "width": 572.0000906088918,
        "height": 253.00001950608086
      },
      "styleEx": {},
      "props": {
        "direction": "row",
        "justify": "flex-start",
        "alignItems": "flex-start",
        "flexWrap": false,
        "children": [
          "t5u5ago46a",
          "cmfrockq2z"
        ],
        "gap": 8,
        "padding": 18,
        "classList": []
      },
      "propEx": {},
      "events": {},
      "visible": true,
      "locked": false,
      "full": false,
      "$id": "https://ridge-ui.com/schemas/element",
      "slots": []
    },
    {
      "title": "输入框",
      "path": "ridge-semi/input",
      "id": "cmfrockq2z",
      "style": {
        "position": "absolute",
        "visible": true,
        "x": 0,
        "y": 0,
        "width": 427,
        "height": 32
      },
      "styleEx": {},
      "props": {
        "value": "",
        "size": "default",
        "validateStatus": "default",
        "icon": null,
        "password": false,
        "disabled": false,
        "showClear": true
      },
      "propEx": {
        "value": "ImageSelectStore.state.listImagePath"
      },
      "events": {},
      "visible": true,
      "locked": false,
      "full": false,
      "$id": "https://ridge-ui.com/schemas/element",
      "slots": []
    },
    {
      "title": "文本",
      "path": "ridge-semi/text",
      "id": "t5u5ago46a",
      "style": {
        "position": "absolute",
        "visible": true,
        "x": 0,
        "y": 0,
        "width": 99,
        "height": 28
      },
      "styleEx": {},
      "props": {
        "size": "normal",
        "copyable": false,
        "ellipsis": false,
        "type": "primary",
        "link": "",
        "classList": [
          "ridge-bootstrap/fs-6",
          "ridge-bootstrap/pt-1"
        ],
        "text": "输入远程地址"
      },
      "propEx": {},
      "events": {},
      "visible": true,
      "locked": false,
      "full": false,
      "$id": "https://ridge-ui.com/schemas/element",
      "slots": []
    },
    {
      "title": "inApp",
      "path": "ridge-container/flex",
      "id": "ogp5i4kc70",
      "style": {
        "position": "absolute",
        "visible": true,
        "x": 0,
        "y": 0,
        "width": 575,
        "height": 255
      },
      "styleEx": {},
      "props": {
        "direction": "row",
        "justify": "flex-start",
        "alignItems": "flex-start",
        "flexWrap": false,
        "children": [
          "0ohalj49nx",
          "6o7bilg0hu"
        ],
        "gap": 8,
        "padding": 8,
        "classList": []
      },
      "propEx": {},
      "events": {},
      "visible": true,
      "locked": false,
      "full": false,
      "$id": "https://ridge-ui.com/schemas/element",
      "slots": []
    },
    {
      "title": "树",
      "path": "ridge-semi/tree",
      "id": "0ohalj49nx",
      "style": {
        "position": "absolute",
        "visible": true,
        "x": 0,
        "y": 0,
        "width": 166,
        "height": 331
      },
      "styleEx": {},
      "props": {
        "value": "",
        "treeData": [
          {
            "label": "North",
            "value": "North America1",
            "children": [
              {
                "label": "北美洲",
                "value": "North America22"
              }
            ]
          },
          {
            "label": "北美洲",
            "value": "North America",
            "key": "1"
          }
        ],
        "multiple": false,
        "leafOnly": false,
        "filterTreeNode": false,
        "checkRelation": "unRelated",
        "directory": false
      },
      "propEx": {
        "treeData": "ImageSelectStore.state.appDirTree",
        "value": "ImageSelectStore.state.appDirName"
      },
      "events": {},
      "visible": true,
      "locked": false,
      "full": false,
      "$id": "https://ridge-ui.com/schemas/element",
      "slots": []
    },
    {
      "title": "列表容器",
      "path": "ridge-container/list",
      "id": "6o7bilg0hu",
      "style": {
        "position": "absolute",
        "visible": true,
        "x": 0,
        "y": 0,
        "width": 603,
        "height": 336
      },
      "styleEx": {},
      "props": {
        "dataSource": [],
        "selected": [],
        "gap": 2,
        "padding": 2,
        "layout": "flex",
        "fixedHeight": true,
        "fixed": true,
        "rows": 4,
        "classNames": [],
        "itemClassNames": [],
        "selectedClassNames": [
          "ridge-bootstrap/rounded-2",
          "ridge-bootstrap/border-secondary",
          "ridge-bootstrap/border-1",
          "ridge-bootstrap/border"
        ],
        "template": "4hqysutd1z",
        "columns": 6
      },
      "propEx": {
        "dataSource": "ImageSelectStore.state.appDirImageList",
        "selected": "ImageSelectStore.state.currentListSelectedIndex"
      },
      "events": {
        "onItemClick": [
          {
            "store": "ImageSelectStore",
            "method": "selectImageInApp",
            "payload": ""
          }
        ]
      },
      "visible": true,
      "locked": false,
      "full": false,
      "$id": "https://ridge-ui.com/schemas/element",
      "slots": [
        "4hqysutd1z"
      ]
    },
    {
      "title": "图片项_模板",
      "path": "ridge-container/flex",
      "id": "4hqysutd1z",
      "style": {
        "position": "absolute",
        "visible": true,
        "x": 0,
        "y": 0,
        "width": 80,
        "height": 80
      },
      "styleEx": {},
      "props": {
        "direction": "row",
        "justify": "center",
        "alignItems": "stretch",
        "flexWrap": false,
        "children": [
          "7lyuyr1j5a"
        ],
        "gap": 2,
        "padding": 2,
        "classList": []
      },
      "propEx": {},
      "events": {},
      "visible": true,
      "locked": false,
      "full": false,
      "$id": "https://ridge-ui.com/schemas/element",
      "slots": [],
      "slot": true
    },
    {
      "title": "图片_1",
      "path": "ridge-semi/image",
      "id": "7lyuyr1j5a",
      "style": {
        "position": "absolute",
        "visible": true,
        "x": 49,
        "y": 0,
        "width": 75,
        "height": 75
      },
      "styleEx": {},
      "props": {
        "src": "",
        "preview": false
      },
      "propEx": {
        "src": "ImageSelectStore.computed.itemImgSrc"
      },
      "events": {},
      "visible": true,
      "locked": false,
      "full": false,
      "$id": "https://ridge-ui.com/schemas/element",
      "slots": []
    },
    {
      "title": "按钮_1",
      "path": "ridge-semi/button",
      "id": "csjhhnuz7a",
      "style": {
        "position": "absolute",
        "visible": true,
        "x": 25,
        "y": -5,
        "width": 25,
        "height": 24
      },
      "styleEx": {
        "visible": "ImageSelectStore.computed.deleteBtnVisible"
      },
      "props": {
        "icon": "IconClear",
        "type": "danger",
        "size": "small",
        "theme": "borderless",
        "disabled": false,
        "loading": false
      },
      "propEx": {},
      "events": {
        "onClick": [
          {
            "store": "ImageSelectStore",
            "method": "removeImage",
            "payload": ""
          }
        ]
      },
      "visible": true,
      "locked": false,
      "full": false,
      "$id": "https://ridge-ui.com/schemas/element",
      "slots": []
    }
  ],
  "name": "ImageSelect",
  "children": [
    "rfz2az0ynu",
    "q953etbvra",
    "co0x2l3mc2",
    "csjhhnuz7a"
  ]
}