{
  "version": "1.2.0",
  "style": {
    "width": 140,
    "height": 30,
    "background": "",
    "classNames": [],
    "widthFix": true,
    "heightFix": true
  },
  "properties": {
    "value": []
  },
  "cssFiles": [],
  "jsFiles": [
    "composite:///field/options/optionList.store.js"
  ],
  "elements": [
    {
      "title": "单行输入",
      "path": "ridge-bootstrap/input",
      "id": "7x4rmi5waq",
      "style": {
        "position": "absolute",
        "visible": true,
        "x": 0,
        "y": 0,
        "width": 275,
        "height": 31
      },
      "styleEx": {},
      "props": {
        "value": "",
        "placeholder": "文本",
        "validState": null,
        "validaMsg": "输入正确",
        "invalidMsg": "输入错误",
        "disabled": false,
        "size": "sm",
        "classList": []
      },
      "propEx": {
        "value": "OptionListStore.computed.itemLabel"
      },
      "events": {},
      "visible": true,
      "locked": false,
      "full": false,
      "$id": "https://ridge-ui.com/schemas/element",
      "slots": []
    },
    {
      "title": "单行输入",
      "path": "ridge-bootstrap/input",
      "id": "4j3hx2thlx",
      "style": {
        "position": "absolute",
        "visible": true,
        "x": 0,
        "y": 0,
        "width": 148,
        "height": 31
      },
      "styleEx": {},
      "props": {
        "value": "",
        "placeholder": "文本",
        "validState": null,
        "validaMsg": "输入正确",
        "invalidMsg": "输入错误",
        "disabled": false,
        "size": "sm",
        "classList": []
      },
      "propEx": {
        "value": "OptionListStore.computed.itemValue"
      },
      "events": {},
      "visible": true,
      "locked": false,
      "full": false,
      "$id": "https://ridge-ui.com/schemas/element",
      "slots": []
    },
    {
      "title": "列表容器",
      "path": "ridge-container/list",
      "id": "amvck9cxnj",
      "style": {
        "position": "absolute",
        "visible": true,
        "x": 0,
        "y": 0,
        "width": 596,
        "height": 310
      },
      "styleEx": {},
      "props": {
        "dataSource": [],
        "selected": [],
        "gap": 4,
        "padding": 0,
        "layout": "list",
        "fixedHeight": true,
        "fixed": true,
        "columns": 2,
        "rows": 5,
        "classNames": [],
        "itemClassNames": [],
        "selectedClassNames": [],
        "template": "goq8kg2fdl"
      },
      "propEx": {
        "dataSource": "OptionListStore.state.opts"
      },
      "events": {},
      "visible": true,
      "locked": false,
      "full": false,
      "$id": "https://ridge-ui.com/schemas/element",
      "slots": [
        "goq8kg2fdl"
      ]
    },
    {
      "title": "弹性容器",
      "path": "ridge-container/flex",
      "id": "goq8kg2fdl",
      "style": {
        "position": "absolute",
        "visible": true,
        "x": 0,
        "y": 0,
        "width": 488,
        "height": 38
      },
      "styleEx": {},
      "props": {
        "direction": "row",
        "justify": "flex-start",
        "alignItems": "center",
        "children": [
          "4j3hx2thlx",
          "7x4rmi5waq",
          "f68v9mokr4"
        ],
        "gap": 8,
        "padding": 8,
        "classList": []
      },
      "propEx": {},
      "events": {},
      "visible": true,
      "locked": false,
      "full": false,
      "$id": "https://ridge-ui.com/schemas/element",
      "slots": [],
      "slot": true
    },
    {
      "title": "图标",
      "path": "ridge-bootstrap/icons",
      "id": "f68v9mokr4",
      "style": {
        "position": "absolute",
        "visible": true,
        "x": 0,
        "y": -54,
        "width": 33,
        "height": 25
      },
      "styleEx": {},
      "props": {
        "icon": "trash3-fill",
        "classList": [
          "ridge-bootstrap/text-danger"
        ],
        "btn": true
      },
      "propEx": {},
      "events": {
        "onClick": [
          {
            "store": "OptionListStore",
            "method": "removeListItem",
            "payload": ""
          }
        ]
      },
      "visible": true,
      "locked": false,
      "full": false,
      "$id": "https://ridge-ui.com/schemas/element",
      "slots": []
    },
    {
      "title": "按钮",
      "path": "ridge-bootstrap/button",
      "id": "m3974ge3y8",
      "style": {
        "position": "absolute",
        "visible": true,
        "x": 0,
        "y": 0,
        "width": 70,
        "height": 32
      },
      "styleEx": {},
      "props": {
        "type": "dark",
        "src": "",
        "size": "sm",
        "style": "light",
        "rounded": false,
        "full": false,
        "withBadge": false,
        "badgeCount": "",
        "text": "添加",
        "icon": "plus-circle-dotted"
      },
      "propEx": {},
      "events": {
        "onClick": [
          {
            "store": "OptionListStore",
            "method": "addListItem",
            "payload": ""
          }
        ]
      },
      "visible": true,
      "locked": false,
      "full": false,
      "$id": "https://ridge-ui.com/schemas/element",
      "slots": []
    },
    {
      "title": "文本",
      "path": "ridge-bootstrap/typography",
      "id": "f1nm5cuqcc",
      "style": {
        "position": "absolute",
        "visible": true,
        "x": 0,
        "y": 0,
        "width": 149,
        "height": 22
      },
      "styleEx": {},
      "props": {
        "classList": [
          "ridge-bootstrap/fw-semibold",
          "ridge-bootstrap/text-body-secondary"
        ],
        "text": "标识(要求唯一)"
      },
      "propEx": {},
      "events": {},
      "visible": true,
      "locked": false,
      "full": false,
      "$id": "https://ridge-ui.com/schemas/element",
      "slots": []
    },
    {
      "title": "文本",
      "path": "ridge-bootstrap/typography",
      "id": "c3jb2ss2fl",
      "style": {
        "position": "absolute",
        "visible": true,
        "x": 22,
        "y": 0,
        "width": 371,
        "height": 22
      },
      "styleEx": {},
      "props": {
        "classList": [
          "ridge-bootstrap/fw-semibold",
          "ridge-bootstrap/text-body-secondary"
        ],
        "text": "显示内容"
      },
      "propEx": {},
      "events": {},
      "visible": true,
      "locked": false,
      "full": false,
      "$id": "https://ridge-ui.com/schemas/element",
      "slots": []
    },
    {
      "title": "文本_1",
      "path": "ridge-bootstrap/typography",
      "id": "xuj8df1919",
      "style": {
        "position": "absolute",
        "visible": true,
        "x": 159,
        "y": 450,
        "width": 272,
        "height": 22
      },
      "styleEx": {},
      "props": {
        "classList": [
          "ridge-bootstrap/text-danger"
        ]
      },
      "propEx": {
        "text": "OptionListStore.state.errorMsg"
      },
      "events": {},
      "visible": true,
      "locked": false,
      "full": false,
      "$id": "https://ridge-ui.com/schemas/element",
      "slots": []
    },
    {
      "title": "文本_2",
      "path": "ridge-bootstrap/typography",
      "id": "v603rabj82",
      "style": {
        "position": "absolute",
        "visible": true,
        "x": 0,
        "y": 0,
        "width": 514,
        "height": 22
      },
      "styleEx": {},
      "props": {
        "text": "配置选项列表",
        "classList": []
      },
      "propEx": {},
      "events": {},
      "visible": true,
      "locked": false,
      "full": false,
      "$id": "https://ridge-ui.com/schemas/element",
      "slots": []
    },
    {
      "title": "对话框",
      "path": "ridge-semi/modal",
      "id": "ozjgea7yuj",
      "style": {
        "position": "absolute",
        "visible": true,
        "x": 597,
        "y": 38,
        "width": 673,
        "height": 490
      },
      "styleEx": {},
      "props": {
        "value": false,
        "title": "基本对话框",
        "textContent": "默认对话框文本内容",
        "showHeader": false,
        "showFooter": false,
        "closeOnEsc": false,
        "content": "8qmvqv3zpb",
        "maskClosable": false
      },
      "propEx": {
        "value": "OptionListStore.state.dialogVisible"
      },
      "events": {},
      "visible": true,
      "locked": false,
      "full": false,
      "$id": "https://ridge-ui.com/schemas/element",
      "slots": [
        "8qmvqv3zpb"
      ]
    },
    {
      "title": "模态框内容_模板",
      "path": "ridge-container/flex",
      "id": "8qmvqv3zpb",
      "style": {
        "position": "absolute",
        "visible": true,
        "x": 276,
        "y": 481,
        "width": 551,
        "height": 391
      },
      "styleEx": {},
      "props": {
        "direction": "column",
        "justify": "flex-start",
        "alignItems": "stretch",
        "flexWrap": false,
        "children": [
          "l39cp0f1pw",
          "56kss56jev",
          "tdfaw2hmfv"
        ],
        "gap": 3,
        "padding": 0,
        "classList": []
      },
      "propEx": {},
      "events": {},
      "visible": true,
      "locked": false,
      "full": false,
      "$id": "https://ridge-ui.com/schemas/element",
      "slots": [],
      "slot": true
    },
    {
      "title": "弹性容器_2",
      "path": "ridge-container/flex",
      "id": "pxatamuab2",
      "style": {
        "position": "absolute",
        "visible": true,
        "x": 0,
        "y": 0,
        "width": 606,
        "height": 39
      },
      "styleEx": {},
      "props": {
        "direction": "row",
        "justify": "flex-start",
        "alignItems": "center",
        "flexWrap": false,
        "children": [
          "f1nm5cuqcc",
          "c3jb2ss2fl",
          "m3974ge3y8"
        ],
        "gap": 0,
        "padding": 8,
        "classList": []
      },
      "propEx": {},
      "events": {},
      "visible": true,
      "locked": false,
      "full": false,
      "$id": "https://ridge-ui.com/schemas/element",
      "slots": []
    },
    {
      "title": "弹性容器_3",
      "path": "ridge-container/flex",
      "id": "l39cp0f1pw",
      "style": {
        "position": "absolute",
        "visible": true,
        "x": 0,
        "y": 0,
        "width": 535,
        "height": 50
      },
      "styleEx": {},
      "props": {
        "direction": "row",
        "justify": "flex-start",
        "alignItems": "center",
        "flexWrap": false,
        "children": [
          "v603rabj82",
          "dxwksk5led"
        ],
        "gap": 8,
        "padding": 8,
        "classList": []
      },
      "propEx": {},
      "events": {},
      "visible": true,
      "locked": false,
      "full": false,
      "$id": "https://ridge-ui.com/schemas/element",
      "slots": []
    },
    {
      "title": "切换按钮",
      "path": "ridge-semi/buttonToggle",
      "id": "dxwksk5led",
      "style": {
        "position": "absolute",
        "visible": true,
        "x": 0,
        "y": 0,
        "width": 85,
        "height": 25
      },
      "styleEx": {},
      "props": {
        "value": true,
        "text": "JSON",
        "icon": "IconEdit2Stroked",
        "size": "default"
      },
      "propEx": {
        "value": "OptionListStore.state.btnToggleOn"
      },
      "events": {
        "onChange": [
          {
            "store": "OptionListStore",
            "method": "onModeChange",
            "payload": ""
          }
        ]
      },
      "visible": true,
      "locked": false,
      "full": false,
      "$id": "https://ridge-ui.com/schemas/element",
      "slots": []
    },
    {
      "title": "切换层",
      "path": "ridge-container/layers",
      "id": "56kss56jev",
      "style": {
        "position": "absolute",
        "visible": true,
        "x": 0,
        "y": 0,
        "width": 534,
        "height": 379
      },
      "styleEx": {},
      "props": {
        "current": "",
        "preload": true,
        "classNames": [],
        "children": [
          "ospv4jxsmi",
          "b63xmgueld"
        ]
      },
      "propEx": {
        "current": "OptionListStore.state.mode"
      },
      "events": {},
      "visible": true,
      "locked": false,
      "full": false,
      "$id": "https://ridge-ui.com/schemas/element",
      "slots": []
    },
    {
      "title": "弹性容器_4",
      "path": "ridge-container/flex",
      "id": "tdfaw2hmfv",
      "style": {
        "position": "absolute",
        "visible": true,
        "x": 0,
        "y": 705.404,
        "width": 534,
        "height": 38
      },
      "styleEx": {},
      "props": {
        "direction": "row",
        "justify": "flex-end",
        "alignItems": "center",
        "flexWrap": false,
        "children": [
          "0qd7229nwv",
          "59y6n25k56"
        ],
        "gap": 8,
        "padding": 0,
        "classList": []
      },
      "propEx": {},
      "events": {},
      "visible": true,
      "locked": false,
      "full": false,
      "$id": "https://ridge-ui.com/schemas/element",
      "slots": []
    },
    {
      "title": "按钮_2",
      "path": "ridge-semi/button",
      "id": "59y6n25k56",
      "style": {
        "position": "absolute",
        "visible": true,
        "x": 24,
        "y": 0,
        "width": 52,
        "height": 32
      },
      "styleEx": {},
      "props": {
        "type": "primary",
        "size": "default",
        "theme": "light",
        "disabled": false,
        "loading": false,
        "text": "取消"
      },
      "propEx": {},
      "events": {
        "onClick": [
          {
            "store": "OptionListStore",
            "method": "closeModal",
            "payload": ""
          }
        ]
      },
      "visible": true,
      "locked": false,
      "full": false,
      "$id": "https://ridge-ui.com/schemas/element",
      "slots": []
    },
    {
      "title": "按钮_3",
      "path": "ridge-semi/button",
      "id": "0qd7229nwv",
      "style": {
        "position": "absolute",
        "visible": true,
        "x": -120,
        "y": 0,
        "width": 60,
        "height": 32
      },
      "styleEx": {},
      "props": {
        "text": "确定",
        "type": "primary",
        "size": "default",
        "theme": "solid",
        "disabled": false,
        "loading": false
      },
      "propEx": {},
      "events": {
        "onClick": [
          {
            "store": "OptionListStore",
            "method": "confirm",
            "payload": ""
          }
        ]
      },
      "visible": true,
      "locked": false,
      "full": false,
      "$id": "https://ridge-ui.com/schemas/element",
      "slots": []
    },
    {
      "title": "form",
      "path": "ridge-container/flex",
      "id": "b63xmgueld",
      "style": {
        "position": "absolute",
        "visible": true,
        "x": -322,
        "y": 511,
        "width": 534,
        "height": 296
      },
      "styleEx": {},
      "props": {
        "direction": "column",
        "justify": "flex-start",
        "alignItems": "flex-start",
        "flexWrap": false,
        "children": [
          "pxatamuab2",
          "amvck9cxnj"
        ],
        "gap": 6,
        "padding": 0,
        "classList": []
      },
      "propEx": {},
      "events": {},
      "visible": true,
      "locked": false,
      "full": false,
      "$id": "https://ridge-ui.com/schemas/element",
      "slots": []
    },
    {
      "title": "多行输入",
      "path": "ridge-semi/textarea",
      "id": "3urf98a5y9",
      "style": {
        "position": "absolute",
        "visible": true,
        "x": 0,
        "y": 0,
        "width": 604,
        "height": 340,
        "autoSize": false
      },
      "styleEx": {},
      "props": {
        "value": "",
        "validateStatus": "default",
        "maxCount": 0,
        "disabled": false,
        "showClear": false,
        "rows": 16
      },
      "propEx": {
        "value": "OptionListStore.state.jsonText"
      },
      "events": {},
      "visible": true,
      "locked": false,
      "full": false,
      "$id": "https://ridge-ui.com/schemas/element",
      "slots": []
    },
    {
      "title": "json",
      "path": "ridge-container/flex",
      "id": "ospv4jxsmi",
      "style": {
        "position": "absolute",
        "visible": true,
        "x": 284.0000318444294,
        "y": 570.0000265370245,
        "width": 534.9999469259511,
        "height": 253.99999203889269
      },
      "styleEx": {},
      "props": {
        "direction": "column",
        "justify": "flex-start",
        "alignItems": "flex-start",
        "flexWrap": false,
        "children": [
          "3urf98a5y9",
          "wc8frze91c"
        ],
        "gap": 8,
        "padding": 0,
        "classList": []
      },
      "propEx": {},
      "events": {},
      "visible": true,
      "locked": false,
      "full": false,
      "$id": "https://ridge-ui.com/schemas/element",
      "slots": []
    },
    {
      "title": "文本_3",
      "path": "ridge-semi/text",
      "id": "wc8frze91c",
      "style": {
        "position": "absolute",
        "visible": true,
        "x": 0,
        "y": 0,
        "width": 519,
        "height": 19
      },
      "styleEx": {},
      "props": {
        "text": "文本",
        "size": "small",
        "copyable": false,
        "ellipsis": false,
        "type": "danger",
        "link": "",
        "classList": []
      },
      "propEx": {
        "text": "OptionListStore.state.jsonTextError"
      },
      "events": {},
      "visible": true,
      "locked": false,
      "full": false,
      "$id": "https://ridge-ui.com/schemas/element",
      "slots": []
    },
    {
      "title": "按钮_1",
      "path": "ridge-semi/button",
      "id": "m3ptrelsvz",
      "style": {
        "position": "absolute",
        "visible": true,
        "x": 0,
        "y": 1,
        "width": 75,
        "height": 28
      },
      "styleEx": {},
      "props": {
        "type": "primary",
        "size": "small",
        "theme": "light",
        "disabled": false,
        "loading": false,
        "text": "编辑"
      },
      "propEx": {},
      "events": {
        "onClick": [
          {
            "store": "OptionListStore",
            "method": "openModal",
            "payload": ""
          }
        ]
      },
      "visible": true,
      "locked": false,
      "full": false,
      "$id": "https://ridge-ui.com/schemas/element",
      "slots": []
    }
  ],
  "name": "OptionListEdit",
  "children": [
    "xuj8df1919",
    "ozjgea7yuj",
    "m3ptrelsvz"
  ]
}