{
  "version": "1.2.0",
  "style": {
    "width": 486,
    "height": 250,
    "background": "",
    "classNames": []
  },
  "properties": {},
  "cssFiles": [],
  "jsFiles": [
    "/ridge-common/js/login.js"
  ],
  "elements": [
    {
      "title": "登录容器_模板",
      "path": "ridge-container/flex",
      "id": "2ppxeclyf7",
      "style": {
        "position": "absolute",
        "visible": true,
        "x": 0,
        "y": 0,
        "width": 481,
        "height": 233
      },
      "styleEx": {},
      "props": {
        "direction": "column",
        "justify": "flex-start",
        "alignItems": "flex-start",
        "flexWrap": false,
        "children": [
          "ngmjnzytmi",
          "ib5qp7zfh8",
          "0cfimul1jf",
          "od1poq4p93",
          "swzqu066f4"
        ],
        "gap": 2,
        "padding": 8,
        "classList": []
      },
      "propEx": {},
      "events": {},
      "visible": true,
      "locked": false,
      "full": false,
      "$id": "https://ridge-ui.com/schemas/element",
      "slots": [],
      "slot": false
    },
    {
      "title": "弹性容器_1",
      "path": "ridge-container/flex",
      "id": "ngmjnzytmi",
      "style": {
        "position": "absolute",
        "visible": true,
        "x": 0,
        "y": 0,
        "width": 476,
        "height": 46
      },
      "styleEx": {},
      "props": {
        "direction": "row",
        "justify": "flex-start",
        "alignItems": "center",
        "flexWrap": false,
        "children": [
          "b8d03yb826",
          "4wpbaco4d3"
        ],
        "gap": 8,
        "padding": 8,
        "classList": []
      },
      "propEx": {},
      "events": {},
      "visible": true,
      "locked": false,
      "full": false,
      "$id": "https://ridge-ui.com/schemas/element",
      "slots": []
    },
    {
      "title": "弹性容器_2",
      "path": "ridge-container/flex",
      "id": "ib5qp7zfh8",
      "style": {
        "position": "absolute",
        "visible": true,
        "x": 0,
        "y": 0,
        "width": 477,
        "height": 45
      },
      "styleEx": {},
      "props": {
        "direction": "row",
        "justify": "flex-start",
        "alignItems": "center",
        "flexWrap": false,
        "children": [
          "t06eorbo26",
          "jm42cpqsfe"
        ],
        "gap": 8,
        "padding": 8,
        "classList": []
      },
      "propEx": {},
      "events": {},
      "visible": true,
      "locked": false,
      "full": false,
      "$id": "https://ridge-ui.com/schemas/element",
      "slots": []
    },
    {
      "title": "文本",
      "path": "ridge-semi/text",
      "id": "b8d03yb826",
      "style": {
        "position": "absolute",
        "visible": true,
        "x": 0,
        "y": 0,
        "width": 106,
        "height": 24
      },
      "styleEx": {},
      "props": {
        "text": "手机号码",
        "size": "normal",
        "copyable": false,
        "ellipsis": false,
        "type": "primary",
        "link": "",
        "classList": []
      },
      "propEx": {},
      "events": {},
      "visible": true,
      "locked": false,
      "full": false,
      "$id": "https://ridge-ui.com/schemas/element",
      "slots": []
    },
    {
      "title": "输入框",
      "path": "ridge-semi/input",
      "id": "4wpbaco4d3",
      "style": {
        "position": "absolute",
        "visible": true,
        "x": 0,
        "y": 0,
        "width": 305,
        "height": 31
      },
      "styleEx": {},
      "props": {
        "value": "",
        "size": "default",
        "validateStatus": "default",
        "password": false,
        "disabled": false,
        "showClear": true
      },
      "propEx": {
        "value": "UserLogin.state.id"
      },
      "events": {},
      "visible": true,
      "locked": false,
      "full": false,
      "$id": "https://ridge-ui.com/schemas/element",
      "slots": []
    },
    {
      "title": "文本_1",
      "path": "ridge-semi/text",
      "id": "t06eorbo26",
      "style": {
        "position": "absolute",
        "visible": true,
        "x": 0,
        "y": 0,
        "width": 106,
        "height": 25
      },
      "styleEx": {},
      "props": {
        "size": "normal",
        "copyable": false,
        "ellipsis": false,
        "type": "primary",
        "link": "",
        "classList": [],
        "text": "密码"
      },
      "propEx": {},
      "events": {},
      "visible": true,
      "locked": false,
      "full": false,
      "$id": "https://ridge-ui.com/schemas/element",
      "slots": []
    },
    {
      "title": "输入框_1",
      "path": "ridge-semi/input",
      "id": "jm42cpqsfe",
      "style": {
        "position": "absolute",
        "visible": true,
        "x": 0,
        "y": 0,
        "width": 300,
        "height": 32
      },
      "styleEx": {},
      "props": {
        "value": "",
        "size": "default",
        "validateStatus": "default",
        "password": true,
        "disabled": false,
        "showClear": true
      },
      "propEx": {
        "value": "UserLogin.state.password"
      },
      "events": {},
      "visible": true,
      "locked": false,
      "full": false,
      "$id": "https://ridge-ui.com/schemas/element",
      "slots": []
    },
    {
      "title": "弹性容器",
      "path": "ridge-container/flex",
      "id": "0cfimul1jf",
      "style": {
        "position": "absolute",
        "visible": true,
        "x": 0,
        "y": 0,
        "width": 479,
        "height": 57
      },
      "styleEx": {},
      "props": {
        "direction": "row",
        "justify": "flex-start",
        "alignItems": "flex-start",
        "flexWrap": false,
        "children": [
          "tb8u5geyd5",
          "g9zxddymv1",
          "sxtwexbbee"
        ],
        "gap": 8,
        "padding": 8,
        "classList": []
      },
      "propEx": {},
      "events": {},
      "visible": true,
      "locked": false,
      "full": false,
      "$id": "https://ridge-ui.com/schemas/element",
      "slots": []
    },
    {
      "title": "文本_2",
      "path": "ridge-semi/text",
      "id": "tb8u5geyd5",
      "style": {
        "position": "absolute",
        "visible": true,
        "x": 0,
        "y": 0,
        "width": 106,
        "height": 23
      },
      "styleEx": {},
      "props": {
        "text": "验证码",
        "size": "normal",
        "copyable": false,
        "ellipsis": false,
        "type": "primary",
        "link": "",
        "classList": []
      },
      "propEx": {},
      "events": {},
      "visible": true,
      "locked": false,
      "full": false,
      "$id": "https://ridge-ui.com/schemas/element",
      "slots": []
    },
    {
      "title": "图片",
      "path": "ridge-semi/image",
      "id": "sxtwexbbee",
      "style": {
        "position": "absolute",
        "visible": true,
        "x": 0,
        "y": 0,
        "width": 149,
        "height": 45
      },
      "styleEx": {},
      "props": {
        "src": "",
        "preview": false
      },
      "propEx": {
        "src": "UserLogin.state.captchaUrl"
      },
      "events": {
        "onClick": [
          {
            "store": "LoginModal",
            "method": "reloadCaptcha",
            "payload": ""
          }
        ]
      },
      "visible": true,
      "locked": false,
      "full": false,
      "$id": "https://ridge-ui.com/schemas/element",
      "slots": []
    },
    {
      "title": "弹性容器_3",
      "path": "ridge-container/flex",
      "id": "swzqu066f4",
      "style": {
        "position": "absolute",
        "visible": true,
        "x": 0,
        "y": 0,
        "width": 479,
        "height": 55
      },
      "styleEx": {},
      "props": {
        "direction": "row",
        "justify": "center",
        "alignItems": "flex-start",
        "flexWrap": false,
        "children": [
          "sfe67yx8me",
          "pvfpbss61b"
        ],
        "gap": 52,
        "padding": 8,
        "classList": []
      },
      "propEx": {},
      "events": {},
      "visible": true,
      "locked": false,
      "full": false,
      "$id": "https://ridge-ui.com/schemas/element",
      "slots": []
    },
    {
      "title": "按钮",
      "path": "ridge-semi/button",
      "id": "sfe67yx8me",
      "style": {
        "position": "absolute",
        "visible": true,
        "x": -30,
        "y": 0,
        "width": 80,
        "height": 38
      },
      "styleEx": {},
      "props": {
        "icon": "IconUserCircleStroked",
        "type": "primary",
        "size": "large",
        "theme": "solid",
        "disabled": false,
        "loading": false,
        "text": "登录"
      },
      "propEx": {},
      "events": {
        "onClick": [
          {
            "store": "UserLogin",
            "method": "loginUser",
            "payload": ""
          }
        ]
      },
      "visible": true,
      "locked": false,
      "full": false,
      "$id": "https://ridge-ui.com/schemas/element",
      "slots": []
    },
    {
      "title": "按钮_1",
      "path": "ridge-semi/button",
      "id": "pvfpbss61b",
      "style": {
        "position": "absolute",
        "visible": true,
        "x": 129,
        "y": 0,
        "width": 85,
        "height": 39
      },
      "styleEx": {},
      "props": {
        "text": "注册账号",
        "type": "primary",
        "size": "large",
        "theme": "light",
        "disabled": false,
        "loading": false
      },
      "propEx": {},
      "events": {
        "onClick": "promoted"
      },
      "visible": true,
      "locked": false,
      "full": false,
      "$id": "https://ridge-ui.com/schemas/element",
      "slots": []
    },
    {
      "title": "弹性容器_4",
      "path": "ridge-container/flex",
      "id": "od1poq4p93",
      "style": {
        "position": "absolute",
        "visible": true,
        "x": 0,
        "y": 0,
        "width": 475,
        "height": 21
      },
      "styleEx": {},
      "props": {
        "direction": "row",
        "justify": "center",
        "alignItems": "flex-start",
        "flexWrap": false,
        "children": [
          "6rv2mj88ix"
        ],
        "gap": 0,
        "padding": 0,
        "classList": []
      },
      "propEx": {},
      "events": {},
      "visible": true,
      "locked": false,
      "full": false,
      "$id": "https://ridge-ui.com/schemas/element",
      "slots": []
    },
    {
      "title": "文本_3",
      "path": "ridge-semi/text",
      "id": "6rv2mj88ix",
      "style": {
        "position": "absolute",
        "visible": true,
        "x": 0,
        "y": 0,
        "width": 406,
        "height": 24
      },
      "styleEx": {},
      "props": {
        "text": "文本",
        "size": "normal",
        "copyable": false,
        "ellipsis": false,
        "type": "danger",
        "link": "",
        "classList": []
      },
      "propEx": {
        "text": "UserLogin.state.resultMessage"
      },
      "events": {},
      "visible": true,
      "locked": false,
      "full": false,
      "$id": "https://ridge-ui.com/schemas/element",
      "slots": []
    },
    {
      "title": "输入框_2",
      "path": "ridge-semi/input",
      "id": "g9zxddymv1",
      "style": {
        "position": "absolute",
        "visible": true,
        "x": 0,
        "y": 0,
        "width": 140,
        "height": 32
      },
      "styleEx": {},
      "props": {
        "value": "",
        "size": "default",
        "validateStatus": "default",
        "password": false,
        "disabled": false,
        "showClear": true
      },
      "propEx": {
        "value": "UserLogin.state.captcha"
      },
      "events": {},
      "visible": true,
      "locked": false,
      "full": false,
      "$id": "https://ridge-ui.com/schemas/element",
      "slots": []
    }
  ],
  "name": "Login",
  "children": [
    "2ppxeclyf7"
  ]
}