{
  "version": "1.2.0",
  "style": {
    "width": 637,
    "height": 352,
    "background": "",
    "classNames": [],
    "widthFix": true,
    "heightFix": true
  },
  "properties": {},
  "cssFiles": [],
  "jsFiles": [
    "/ridge-common/js/register.js"
  ],
  "elements": [
    {
      "title": "注册容器_模板",
      "path": "ridge-container/flex",
      "id": "f5qzv73dm0",
      "style": {
        "position": "absolute",
        "visible": true,
        "x": 1,
        "y": 3,
        "width": 637,
        "height": 346
      },
      "styleEx": {},
      "props": {
        "direction": "column",
        "justify": "flex-start",
        "alignItems": "flex-start",
        "flexWrap": false,
        "children": [
          "62fvmq60uf",
          "57vllccbng",
          "r8jk2i4km1",
          "v1wojl55nd",
          "lr2093v04c",
          "jifalap6eu"
        ],
        "gap": 8,
        "padding": 8,
        "classList": []
      },
      "propEx": {},
      "events": {},
      "visible": true,
      "locked": false,
      "full": false,
      "$id": "https://ridge-ui.com/schemas/element",
      "slots": [],
      "slot": false
    },
    {
      "title": "弹性容器_1",
      "path": "ridge-container/flex",
      "id": "62fvmq60uf",
      "style": {
        "position": "absolute",
        "visible": true,
        "x": 0,
        "y": 0,
        "width": 629,
        "height": 36
      },
      "styleEx": {},
      "props": {
        "direction": "row",
        "justify": "flex-start",
        "alignItems": "center",
        "flexWrap": false,
        "children": [
          "hm89l5f9l9",
          "cqixb282vh",
          "bscjnzyn38"
        ],
        "gap": 8,
        "padding": 8,
        "classList": []
      },
      "propEx": {},
      "events": {},
      "visible": true,
      "locked": false,
      "full": false,
      "$id": "https://ridge-ui.com/schemas/element",
      "slots": []
    },
    {
      "title": "弹性容器_2",
      "path": "ridge-container/flex",
      "id": "57vllccbng",
      "style": {
        "position": "absolute",
        "visible": true,
        "x": 0,
        "y": 0,
        "width": 629,
        "height": 36
      },
      "styleEx": {},
      "props": {
        "direction": "row",
        "justify": "flex-start",
        "alignItems": "center",
        "flexWrap": false,
        "children": [
          "55diuvohhl",
          "40b0v5tbjq",
          "vq7duk918m"
        ],
        "gap": 8,
        "padding": 8,
        "classList": []
      },
      "propEx": {},
      "events": {},
      "visible": true,
      "locked": false,
      "full": false,
      "$id": "https://ridge-ui.com/schemas/element",
      "slots": []
    },
    {
      "title": "弹性容器_3",
      "path": "ridge-container/flex",
      "id": "r8jk2i4km1",
      "style": {
        "position": "absolute",
        "visible": true,
        "x": 0,
        "y": 0,
        "width": 629,
        "height": 55
      },
      "styleEx": {},
      "props": {
        "direction": "row",
        "justify": "flex-start",
        "alignItems": "flex-start",
        "flexWrap": false,
        "children": [
          "vvmp86ko6r",
          "n12vxoqx2z",
          "ifrb12ak70"
        ],
        "gap": 8,
        "padding": 8,
        "classList": []
      },
      "propEx": {},
      "events": {},
      "visible": true,
      "locked": false,
      "full": false,
      "$id": "https://ridge-ui.com/schemas/element",
      "slots": []
    },
    {
      "title": "文本",
      "path": "ridge-semi/text",
      "id": "hm89l5f9l9",
      "style": {
        "position": "absolute",
        "visible": true,
        "x": 0,
        "y": 0,
        "width": 73,
        "height": 24
      },
      "styleEx": {},
      "props": {
        "text": "手机号码",
        "size": "normal",
        "copyable": false,
        "ellipsis": false,
        "type": "primary",
        "link": "",
        "classList": []
      },
      "propEx": {},
      "events": {},
      "visible": true,
      "locked": false,
      "full": false,
      "$id": "https://ridge-ui.com/schemas/element",
      "slots": []
    },
    {
      "title": "输入框",
      "path": "ridge-semi/input",
      "id": "cqixb282vh",
      "style": {
        "position": "absolute",
        "visible": true,
        "x": 0,
        "y": 0,
        "width": 242,
        "height": 31
      },
      "styleEx": {
        "visible": null
      },
      "props": {
        "value": "",
        "size": "default",
        "validateStatus": "default",
        "password": false,
        "disabled": false,
        "showClear": true
      },
      "propEx": {
        "value": "UserRegister.state.id"
      },
      "events": {},
      "visible": true,
      "locked": false,
      "full": false,
      "$id": "https://ridge-ui.com/schemas/element",
      "slots": []
    },
    {
      "title": "文本_1",
      "path": "ridge-semi/text",
      "id": "bscjnzyn38",
      "style": {
        "position": "absolute",
        "visible": true,
        "x": 0,
        "y": 0,
        "width": 283,
        "height": 24
      },
      "styleEx": {},
      "props": {
        "size": "normal",
        "copyable": false,
        "ellipsis": false,
        "type": "primary",
        "link": "",
        "classList": [],
        "text": "请输入您的手机号码，注册成功后不可更改"
      },
      "propEx": {},
      "events": {},
      "visible": true,
      "locked": false,
      "full": false,
      "$id": "https://ridge-ui.com/schemas/element",
      "slots": []
    },
    {
      "title": "文本_2",
      "path": "ridge-semi/text",
      "id": "55diuvohhl",
      "style": {
        "position": "absolute",
        "visible": true,
        "x": 0,
        "y": 0,
        "width": 74,
        "height": 24
      },
      "styleEx": {},
      "props": {
        "size": "normal",
        "copyable": false,
        "ellipsis": false,
        "type": "primary",
        "link": "",
        "classList": [],
        "text": "密码"
      },
      "propEx": {},
      "events": {},
      "visible": true,
      "locked": false,
      "full": false,
      "$id": "https://ridge-ui.com/schemas/element",
      "slots": []
    },
    {
      "title": "输入框_1",
      "path": "ridge-semi/input",
      "id": "40b0v5tbjq",
      "style": {
        "position": "absolute",
        "visible": true,
        "x": 0,
        "y": 0,
        "width": 241,
        "height": 32
      },
      "styleEx": {
        "visible": "RegisterModal.state.password"
      },
      "props": {
        "value": "",
        "size": "default",
        "validateStatus": "default",
        "password": true,
        "disabled": false,
        "showClear": true
      },
      "propEx": {
        "value": "UserRegister.state.password"
      },
      "events": {},
      "visible": true,
      "locked": false,
      "full": false,
      "$id": "https://ridge-ui.com/schemas/element",
      "slots": []
    },
    {
      "title": "文本_1",
      "path": "ridge-semi/text",
      "id": "vq7duk918m",
      "style": {
        "position": "absolute",
        "visible": true,
        "x": 0,
        "y": 0,
        "width": 283,
        "height": 24
      },
      "styleEx": {},
      "props": {
        "size": "normal",
        "copyable": false,
        "ellipsis": false,
        "type": "primary",
        "link": "",
        "classList": [],
        "text": "字母和数字组成，最少8位"
      },
      "propEx": {},
      "events": {},
      "visible": true,
      "locked": false,
      "full": false,
      "$id": "https://ridge-ui.com/schemas/element",
      "slots": []
    },
    {
      "title": "文本_2",
      "path": "ridge-semi/text",
      "id": "vvmp86ko6r",
      "style": {
        "position": "absolute",
        "visible": true,
        "x": 0,
        "y": 0,
        "width": 74,
        "height": 24
      },
      "styleEx": {},
      "props": {
        "size": "normal",
        "copyable": false,
        "ellipsis": false,
        "type": "primary",
        "link": "",
        "classList": [],
        "text": "验证码"
      },
      "propEx": {},
      "events": {},
      "visible": true,
      "locked": false,
      "full": false,
      "$id": "https://ridge-ui.com/schemas/element",
      "slots": []
    },
    {
      "title": "输入框_1",
      "path": "ridge-semi/input",
      "id": "n12vxoqx2z",
      "style": {
        "position": "absolute",
        "visible": true,
        "x": 0,
        "y": 0,
        "width": 103,
        "height": 32
      },
      "styleEx": {
        "visible": "RegisterModal.state.captcha"
      },
      "props": {
        "size": "default",
        "validateStatus": "default",
        "password": false,
        "disabled": false,
        "showClear": true
      },
      "propEx": {
        "value": "UserRegister.state.captcha"
      },
      "events": {},
      "visible": true,
      "locked": false,
      "full": false,
      "$id": "https://ridge-ui.com/schemas/element",
      "slots": []
    },
    {
      "title": "图片",
      "path": "ridge-semi/image",
      "id": "ifrb12ak70",
      "style": {
        "position": "absolute",
        "visible": true,
        "x": 0,
        "y": 0,
        "width": 130,
        "height": 42
      },
      "styleEx": {
        "visible": "RegisterModal.state.captchaUrl"
      },
      "props": {
        "src": "",
        "preview": false
      },
      "propEx": {
        "src": "UserRegister.state.captchaUrl"
      },
      "events": {
        "onClick": [
          {
            "store": "RegisterModal",
            "method": "reloadCaptcha",
            "payload": ""
          }
        ]
      },
      "visible": true,
      "locked": false,
      "full": false,
      "$id": "https://ridge-ui.com/schemas/element",
      "slots": []
    },
    {
      "title": "弹性容器_5",
      "path": "ridge-container/flex",
      "id": "jifalap6eu",
      "style": {
        "position": "absolute",
        "visible": true,
        "x": 0,
        "y": 0,
        "width": 629,
        "height": 62
      },
      "styleEx": {},
      "props": {
        "direction": "row",
        "justify": "flex-start",
        "alignItems": "flex-start",
        "flexWrap": false,
        "children": [
          "bqkg7yd70x",
          "l36ye7qw3x"
        ],
        "gap": 8,
        "padding": 8,
        "classList": []
      },
      "propEx": {},
      "events": {},
      "visible": true,
      "locked": false,
      "full": false,
      "$id": "https://ridge-ui.com/schemas/element",
      "slots": []
    },
    {
      "title": "按钮",
      "path": "ridge-semi/button",
      "id": "bqkg7yd70x",
      "style": {
        "position": "absolute",
        "visible": true,
        "x": 0,
        "y": 0,
        "width": 211,
        "height": 42
      },
      "styleEx": {},
      "props": {
        "type": "primary",
        "size": "large",
        "theme": "solid",
        "disabled": false,
        "loading": false,
        "text": "同意上述协议并注册",
        "icon": "IconBookOpenStroked"
      },
      "propEx": {
        "disabled": "RegisterModal.state.requesting"
      },
      "events": {
        "onClick": [
          {
            "store": "UserRegister",
            "method": "registerUser",
            "payload": ""
          }
        ]
      },
      "visible": true,
      "locked": false,
      "full": false,
      "$id": "https://ridge-ui.com/schemas/element",
      "slots": []
    },
    {
      "title": "我已注册",
      "path": "ridge-semi/button",
      "id": "l36ye7qw3x",
      "style": {
        "position": "absolute",
        "visible": true,
        "x": 0,
        "y": 0,
        "width": 96,
        "height": 41
      },
      "styleEx": {},
      "props": {
        "text": "我已注册",
        "type": "primary",
        "size": "large",
        "theme": "light",
        "disabled": false,
        "loading": false
      },
      "propEx": {},
      "events": {
        "onClick": "promoted"
      },
      "visible": true,
      "locked": false,
      "full": false,
      "$id": "https://ridge-ui.com/schemas/element",
      "slots": []
    },
    {
      "title": "弹性容器_6",
      "path": "ridge-container/flex",
      "id": "v1wojl55nd",
      "style": {
        "position": "absolute",
        "visible": true,
        "x": 0,
        "y": 0,
        "width": 623,
        "height": 24
      },
      "styleEx": {
        "visible": null
      },
      "props": {
        "direction": "row",
        "justify": "flex-start",
        "alignItems": "flex-start",
        "flexWrap": false,
        "children": [
          "24wev3dxg9"
        ],
        "gap": 8,
        "classList": [],
        "padding": 8
      },
      "propEx": {},
      "events": {},
      "visible": true,
      "locked": false,
      "full": false,
      "$id": "https://ridge-ui.com/schemas/element",
      "slots": []
    },
    {
      "title": "复选框",
      "path": "ridge-semi/checkbox",
      "id": "24wev3dxg9",
      "style": {
        "position": "absolute",
        "visible": true,
        "x": 15,
        "y": 166,
        "width": 113,
        "height": 21
      },
      "styleEx": {},
      "props": {
        "value": [],
        "options": [
          {
            "label": "同意使用协议",
            "value": "agreed"
          }
        ],
        "direction": "vertical",
        "type": "default"
      },
      "propEx": {
        "value": "UserRegister.state.agreed"
      },
      "events": {},
      "visible": true,
      "locked": false,
      "full": false,
      "$id": "https://ridge-ui.com/schemas/element",
      "slots": []
    },
    {
      "title": "弹性容器_8",
      "path": "ridge-container/flex",
      "id": "d1l8i77gdg",
      "style": {
        "position": "absolute",
        "visible": true,
        "x": 43,
        "y": 555,
        "width": 621,
        "height": 28
      },
      "styleEx": {
        "visible": null
      },
      "props": {
        "direction": "row",
        "justify": "flex-start",
        "alignItems": "center",
        "flexWrap": false,
        "children": [],
        "gap": 8,
        "padding": 8,
        "classList": []
      },
      "propEx": {},
      "events": {},
      "visible": true,
      "locked": false,
      "full": false,
      "$id": "https://ridge-ui.com/schemas/element",
      "slots": []
    },
    {
      "title": "弹性容器_9",
      "path": "ridge-container/flex",
      "id": "lr2093v04c",
      "style": {
        "position": "absolute",
        "visible": true,
        "x": 0,
        "y": 25,
        "width": 622,
        "height": 77
      },
      "styleEx": {},
      "props": {
        "direction": "row",
        "justify": "flex-start",
        "alignItems": "flex-start",
        "flexWrap": false,
        "children": [
          "k9jfgpujb4"
        ],
        "gap": 8,
        "padding": 8,
        "classList": []
      },
      "propEx": {},
      "events": {},
      "visible": true,
      "locked": false,
      "full": false,
      "$id": "https://ridge-ui.com/schemas/element",
      "slots": []
    },
    {
      "title": "文本_5",
      "path": "ridge-semi/text",
      "id": "k9jfgpujb4",
      "style": {
        "position": "absolute",
        "visible": true,
        "x": 0,
        "y": -36,
        "width": 595,
        "height": 25
      },
      "styleEx": {},
      "props": {
        "text": "文本",
        "size": "normal",
        "copyable": false,
        "ellipsis": false,
        "type": "danger",
        "link": "",
        "classList": []
      },
      "propEx": {
        "text": "UserRegister.state.resultMessage"
      },
      "events": {},
      "visible": true,
      "locked": false,
      "full": false,
      "$id": "https://ridge-ui.com/schemas/element",
      "slots": []
    }
  ],
  "name": "Register",
  "children": [
    "f5qzv73dm0",
    "d1l8i77gdg"
  ]
}