{
  "version": "1.2.0",
  "style": {
    "width": 277,
    "height": 40,
    "background": "",
    "classNames": [],
    "widthFix": true,
    "heightFix": true
  },
  "properties": {},
  "cssFiles": [],
  "jsFiles": [
    "composite:///js/userPanel.js"
  ],
  "elements": [
    {
      "title": "切换层",
      "path": "ridge-container/layers",
      "id": "hntjmjjcf4",
      "style": {
        "position": "absolute",
        "visible": true,
        "x": 9,
        "y": 3,
        "width": 261,
        "height": 34
      },
      "styleEx": {},
      "props": {
        "current": "logon",
        "preload": true,
        "classNames": [],
        "children": [
          "zpba8qyouv",
          "d19vbzmd68",
          "ixamdypkli"
        ]
      },
      "propEx": {
        "current": "UserPanel.state.displayState"
      },
      "events": {},
      "visible": true,
      "locked": false,
      "full": false,
      "$id": "https://ridge-ui.com/schemas/element",
      "slots": []
    },
    {
      "title": "unlogin",
      "path": "ridge-container/flex",
      "id": "d19vbzmd68",
      "style": {
        "position": "absolute",
        "visible": true,
        "x": 419,
        "y": 76,
        "width": 220,
        "height": 35
      },
      "styleEx": {},
      "props": {
        "direction": "row",
        "justify": "flex-start",
        "alignItems": "center",
        "flexWrap": false,
        "children": [
          "e9n85hqfpm",
          "fg7usrr1sx"
        ],
        "gap": 8,
        "padding": 8,
        "classList": []
      },
      "propEx": {},
      "events": {},
      "visible": true,
      "locked": false,
      "full": false,
      "$id": "https://ridge-ui.com/schemas/element",
      "slots": []
    },
    {
      "title": "文本",
      "path": "ridge-semi/text",
      "id": "e9n85hqfpm",
      "style": {
        "position": "absolute",
        "visible": true,
        "x": 0,
        "y": 0,
        "width": 31,
        "height": 27
      },
      "styleEx": {},
      "props": {
        "text": "请您",
        "size": "normal",
        "copyable": false,
        "ellipsis": false,
        "type": "primary",
        "link": "",
        "classList": []
      },
      "propEx": {},
      "events": {},
      "visible": true,
      "locked": false,
      "full": false,
      "$id": "https://ridge-ui.com/schemas/element",
      "slots": []
    },
    {
      "title": "按钮",
      "path": "ridge-semi/button",
      "id": "fg7usrr1sx",
      "style": {
        "position": "absolute",
        "visible": true,
        "x": 0,
        "y": 0,
        "width": 51,
        "height": 27
      },
      "styleEx": {},
      "props": {
        "text": "登录",
        "type": "primary",
        "size": "small",
        "theme": "light",
        "disabled": false,
        "loading": false
      },
      "propEx": {},
      "events": {
        "onClick": [
          {
            "store": "UserPanel",
            "method": "openLoginModal",
            "payload": ""
          }
        ]
      },
      "visible": true,
      "locked": false,
      "full": false,
      "$id": "https://ridge-ui.com/schemas/element",
      "slots": []
    },
    {
      "title": "logon",
      "path": "ridge-container/flex",
      "id": "zpba8qyouv",
      "style": {
        "position": "absolute",
        "visible": true,
        "x": 682,
        "y": 76,
        "width": 252,
        "height": 31
      },
      "styleEx": {},
      "props": {
        "direction": "row",
        "justify": "flex-start",
        "alignItems": "center",
        "flexWrap": false,
        "children": [
          "fgn7edl9hh",
          "5j2kjpeh4t",
          "fftvan1i0p",
          "avitmbk7yj"
        ],
        "gap": 3,
        "padding": 8,
        "classList": []
      },
      "propEx": {},
      "events": {},
      "visible": true,
      "locked": false,
      "full": false,
      "$id": "https://ridge-ui.com/schemas/element",
      "slots": []
    },
    {
      "title": "文本_1",
      "path": "ridge-semi/text",
      "id": "fgn7edl9hh",
      "style": {
        "position": "absolute",
        "visible": true,
        "x": 0,
        "y": 0,
        "width": 29,
        "height": 24
      },
      "styleEx": {},
      "props": {
        "text": "您好",
        "size": "normal",
        "copyable": false,
        "ellipsis": false,
        "type": "secondary",
        "link": "",
        "classList": []
      },
      "propEx": {},
      "events": {},
      "visible": true,
      "locked": false,
      "full": false,
      "$id": "https://ridge-ui.com/schemas/element",
      "slots": []
    },
    {
      "title": "文本_2",
      "path": "ridge-semi/text",
      "id": "5j2kjpeh4t",
      "style": {
        "position": "absolute",
        "visible": true,
        "x": 1,
        "y": 0,
        "width": 157,
        "height": 24
      },
      "styleEx": {},
      "props": {
        "text": "文本",
        "size": "normal",
        "copyable": false,
        "ellipsis": false,
        "type": "primary",
        "link": "",
        "classList": []
      },
      "propEx": {
        "text": "UserPanel.state.userId"
      },
      "events": {},
      "visible": true,
      "locked": false,
      "full": false,
      "$id": "https://ridge-ui.com/schemas/element",
      "slots": []
    },
    {
      "title": "Register_模板",
      "path": "ridge-container/composite",
      "id": "lmtpax6fbs",
      "style": {
        "position": "absolute",
        "visible": true,
        "x": 18,
        "y": 57,
        "width": 670,
        "height": 345
      },
      "styleEx": {},
      "props": {
        "open": "0",
        "pagePath": "/user/Register",
        "classList": []
      },
      "propEx": {
        "open": "UserPanel.state.registerUserModalVisible"
      },
      "events": {
        "close": [
          {
            "store": "UserPanel",
            "method": "closeRegisterModal",
            "payload": ""
          }
        ],
        "login": [],
        "success": [
          {
            "store": "UserPanel",
            "method": "checkLoginStatus",
            "payload": ""
          }
        ],
        "l36ye7qw3x-onClick": [
          {
            "store": "UserPanel",
            "method": "toggleLoginModal",
            "payload": ""
          }
        ]
      },
      "visible": true,
      "locked": false,
      "full": false,
      "$id": "https://ridge-ui.com/schemas/element",
      "slots": [],
      "slot": true
    },
    {
      "title": "Login_模板",
      "path": "ridge-container/composite",
      "id": "f5jzv3tnfh",
      "style": {
        "position": "absolute",
        "visible": true,
        "x": 817,
        "y": 182,
        "width": 447,
        "height": 252
      },
      "styleEx": {},
      "props": {
        "open": "0",
        "pagePath": "/user/Login",
        "classList": []
      },
      "propEx": {
        "open": "UserPanel.state.loginUserModalVisible"
      },
      "events": {
        "success": [
          {
            "store": "UserPanel",
            "method": "loginConfirmed",
            "payload": ""
          }
        ],
        "close": [
          {
            "store": "UserPanel",
            "method": "closeLoginModal",
            "payload": ""
          }
        ],
        "register": [
          {
            "store": "UserPanel",
            "method": "toggleRegisterModal",
            "payload": ""
          }
        ],
        "pvfpbss61b-onClick": [
          {
            "store": "UserPanel",
            "method": "toggleRegisterModal",
            "payload": ""
          }
        ]
      },
      "visible": true,
      "locked": false,
      "full": false,
      "$id": "https://ridge-ui.com/schemas/element",
      "slots": [],
      "slot": true
    },
    {
      "title": "UserProfile_模板",
      "path": "ridge-container/composite",
      "id": "jxe4hnp5i8",
      "style": {
        "position": "absolute",
        "visible": true,
        "x": 780,
        "y": 470,
        "width": 736,
        "height": 385
      },
      "styleEx": {},
      "props": {
        "pagePath": "/user/UserProfile",
        "classList": [],
        "open": "0"
      },
      "propEx": {
        "undefined": "UserPanel.state.userProfileModalVisible",
        "open": "UserPanel.state.userProfileModalVisible"
      },
      "events": {
        "close": [
          {
            "store": "UserPanel",
            "method": "profileClose",
            "payload": ""
          }
        ]
      },
      "visible": true,
      "locked": false,
      "full": false,
      "$id": "https://ridge-ui.com/schemas/element",
      "slots": [],
      "slot": true
    },
    {
      "title": "按钮_1",
      "path": "ridge-semi/button",
      "id": "fftvan1i0p",
      "style": {
        "position": "absolute",
        "visible": true,
        "x": 1,
        "y": 0,
        "width": 26,
        "height": 25
      },
      "styleEx": {},
      "props": {
        "icon": "IconSetting",
        "size": "small",
        "theme": "borderless",
        "disabled": false,
        "loading": false,
        "type": "tertiary"
      },
      "propEx": {},
      "events": {
        "onClick": [
          {
            "store": "UserPanel",
            "method": "openUserProfileModal",
            "payload": ""
          }
        ]
      },
      "visible": true,
      "locked": false,
      "full": false,
      "$id": "https://ridge-ui.com/schemas/element",
      "slots": []
    },
    {
      "title": "按钮_2",
      "path": "ridge-semi/button",
      "id": "avitmbk7yj",
      "style": {
        "position": "absolute",
        "visible": true,
        "x": -58,
        "y": 0,
        "width": 24,
        "height": 26
      },
      "styleEx": {},
      "props": {
        "icon": "IconExit",
        "size": "small",
        "theme": "borderless",
        "disabled": false,
        "loading": false,
        "type": "tertiary"
      },
      "propEx": {},
      "events": {
        "onClick": [
          {
            "store": "UserPanel",
            "method": "logout",
            "payload": ""
          }
        ]
      },
      "visible": true,
      "locked": false,
      "full": false,
      "$id": "https://ridge-ui.com/schemas/element",
      "slots": []
    },
    {
      "title": "对话框",
      "path": "ridge-semi/modal",
      "id": "c6l59sn87j",
      "style": {
        "position": "absolute",
        "visible": true,
        "x": 736,
        "y": 60,
        "width": 509,
        "height": 331
      },
      "styleEx": {},
      "props": {
        "value": false,
        "textContent": "默认对话框文本内容",
        "showHeader": true,
        "showFooter": false,
        "mask": false,
        "confirmLoading": false,
        "title": "登录",
        "content": "f5jzv3tnfh"
      },
      "propEx": {
        "value": "UserPanel.state.loginUserModalVisible"
      },
      "events": {},
      "visible": true,
      "locked": false,
      "full": false,
      "$id": "https://ridge-ui.com/schemas/element",
      "slots": [
        "f5jzv3tnfh"
      ]
    },
    {
      "title": "对话框_1",
      "path": "ridge-semi/modal",
      "id": "9r53xmjc0s",
      "style": {
        "position": "absolute",
        "visible": true,
        "x": 0,
        "y": 62,
        "width": 702,
        "height": 423
      },
      "styleEx": {},
      "props": {
        "value": false,
        "textContent": "默认对话框文本内容",
        "showHeader": true,
        "showFooter": true,
        "mask": false,
        "confirmLoading": false,
        "content": "lmtpax6fbs",
        "title": "注册"
      },
      "propEx": {
        "value": "UserPanel.state.registerUserModalVisible"
      },
      "events": {},
      "visible": true,
      "locked": false,
      "full": false,
      "$id": "https://ridge-ui.com/schemas/element",
      "slots": [
        "lmtpax6fbs"
      ]
    },
    {
      "title": "对话框_2",
      "path": "ridge-semi/modal",
      "id": "hsehgorn1g",
      "style": {
        "position": "absolute",
        "visible": true,
        "x": 8,
        "y": 523,
        "width": 787,
        "height": 601
      },
      "styleEx": {},
      "props": {
        "value": false,
        "textContent": "默认对话框文本内容",
        "showHeader": true,
        "showFooter": false,
        "mask": false,
        "confirmLoading": false,
        "content": "jxe4hnp5i8",
        "title": "用户配置"
      },
      "propEx": {
        "value": "UserPanel.state.userProfileModalVisible"
      },
      "events": {},
      "visible": true,
      "locked": false,
      "full": false,
      "$id": "https://ridge-ui.com/schemas/element",
      "slots": [
        "jxe4hnp5i8"
      ]
    },
    {
      "title": "community",
      "path": "ridge-container/flex",
      "id": "ixamdypkli",
      "style": {
        "position": "absolute",
        "visible": true,
        "x": 822,
        "y": 461,
        "width": 207,
        "height": 43
      },
      "styleEx": {},
      "props": {
        "direction": "row",
        "justify": "flex-start",
        "alignItems": "flex-start",
        "flexWrap": false,
        "fill": false,
        "children": [
          "x84m1w2pet"
        ],
        "gap": 8,
        "padding": 5,
        "classList": []
      },
      "propEx": {},
      "events": {},
      "visible": true,
      "locked": false,
      "full": false,
      "$id": "https://ridge-ui.com/schemas/element",
      "slots": []
    },
    {
      "title": "文本_3",
      "path": "ridge-semi/text",
      "id": "x84m1w2pet",
      "style": {
        "position": "absolute",
        "visible": true,
        "x": 0,
        "y": 0,
        "width": 198,
        "height": 27
      },
      "styleEx": {},
      "props": {
        "text": "Ridge Editor(Commnity Ver)",
        "size": "normal",
        "copyable": false,
        "ellipsis": false,
        "type": "secondary",
        "link": "",
        "classList": [
          "ridge-bootstrap/fw-semibold"
        ]
      },
      "propEx": {},
      "events": {},
      "visible": true,
      "locked": false,
      "full": false,
      "$id": "https://ridge-ui.com/schemas/element",
      "slots": []
    }
  ],
  "name": "UserPanel",
  "children": [
    "hntjmjjcf4",
    "c6l59sn87j",
    "9r53xmjc0s",
    "hsehgorn1g"
  ]
}