{
  "version": "1.2.0",
  "style": {
    "width": 740,
    "height": 526,
    "background": "",
    "classNames": []
  },
  "properties": {},
  "cssFiles": [],
  "jsFiles": [
    "/ridge-common/js/userProfile.js"
  ],
  "elements": [
    {
      "title": "弹性_模板",
      "path": "ridge-container/flex",
      "id": "vuctw6frdm",
      "style": {
        "position": "absolute",
        "visible": true,
        "x": 0,
        "y": 0,
        "width": 740,
        "height": 574
      },
      "styleEx": {},
      "props": {
        "direction": "column",
        "justify": "flex-start",
        "alignItems": "flex-start",
        "flexWrap": false,
        "children": [
          "u9zaw6ay7e",
          "j51hu4k1zg",
          "3rdwpvgxkd",
          "glblzjh7s4",
          "d6ofkzi05c"
        ],
        "gap": 8,
        "padding": 8,
        "classList": []
      },
      "propEx": {},
      "events": {},
      "visible": true,
      "locked": false,
      "full": false,
      "$id": "https://ridge-ui.com/schemas/element",
      "slots": [],
      "slot": false
    },
    {
      "title": "弹性容器_1",
      "path": "ridge-container/flex",
      "id": "u9zaw6ay7e",
      "style": {
        "position": "absolute",
        "visible": true,
        "x": 0,
        "y": 0,
        "width": 724,
        "height": 35
      },
      "styleEx": {},
      "props": {
        "direction": "row",
        "justify": "flex-start",
        "alignItems": "flex-start",
        "flexWrap": false,
        "children": [
          "waa5j7gkt9",
          "mvrb1h0lai"
        ],
        "gap": 8,
        "padding": 8,
        "classList": []
      },
      "propEx": {},
      "events": {},
      "visible": true,
      "locked": false,
      "full": false,
      "$id": "https://ridge-ui.com/schemas/element",
      "slots": []
    },
    {
      "title": "文本",
      "path": "ridge-semi/text",
      "id": "waa5j7gkt9",
      "style": {
        "position": "absolute",
        "visible": true,
        "x": 0,
        "y": 0,
        "width": 88,
        "height": 24
      },
      "styleEx": {},
      "props": {
        "size": "normal",
        "copyable": false,
        "ellipsis": false,
        "type": "tertiary",
        "link": "",
        "classList": [],
        "text": "用户账号"
      },
      "propEx": {},
      "events": {},
      "visible": true,
      "locked": false,
      "full": false,
      "$id": "https://ridge-ui.com/schemas/element",
      "slots": []
    },
    {
      "title": "文本_1",
      "path": "ridge-semi/text",
      "id": "mvrb1h0lai",
      "style": {
        "position": "absolute",
        "visible": true,
        "x": 0,
        "y": 0,
        "width": 544,
        "height": 25
      },
      "styleEx": {},
      "props": {
        "text": "文本",
        "size": "normal",
        "copyable": false,
        "ellipsis": false,
        "type": "secondary",
        "link": "",
        "classList": []
      },
      "propEx": {
        "text": "UserProfile.state.id"
      },
      "events": {},
      "visible": true,
      "locked": false,
      "full": false,
      "$id": "https://ridge-ui.com/schemas/element",
      "slots": []
    },
    {
      "title": "弹性容器_2",
      "path": "ridge-container/flex",
      "id": "j51hu4k1zg",
      "style": {
        "position": "absolute",
        "visible": true,
        "x": 0,
        "y": 0,
        "width": 722,
        "height": 35
      },
      "styleEx": {},
      "props": {
        "direction": "row",
        "justify": "flex-start",
        "alignItems": "center",
        "flexWrap": false,
        "children": [
          "jud9yed3jh",
          "m11g3sctpb",
          "ihpawty1c2"
        ],
        "gap": 8,
        "padding": 8,
        "classList": []
      },
      "propEx": {},
      "events": {},
      "visible": true,
      "locked": false,
      "full": false,
      "$id": "https://ridge-ui.com/schemas/element",
      "slots": []
    },
    {
      "title": "弹性容器_3",
      "path": "ridge-container/flex",
      "id": "3rdwpvgxkd",
      "style": {
        "position": "absolute",
        "visible": true,
        "x": 0,
        "y": 0,
        "width": 720,
        "height": 37
      },
      "styleEx": {},
      "props": {
        "direction": "row",
        "justify": "flex-start",
        "alignItems": "center",
        "flexWrap": false,
        "children": [
          "wrzzifhegk",
          "4nljda0az5",
          "suwgcaiimm"
        ],
        "gap": 8,
        "padding": 8,
        "classList": []
      },
      "propEx": {},
      "events": {},
      "visible": true,
      "locked": false,
      "full": false,
      "$id": "https://ridge-ui.com/schemas/element",
      "slots": []
    },
    {
      "title": "文本",
      "path": "ridge-semi/text",
      "id": "jud9yed3jh",
      "style": {
        "position": "absolute",
        "visible": true,
        "x": 0,
        "y": 0,
        "width": 88,
        "height": 24
      },
      "styleEx": {},
      "props": {
        "size": "normal",
        "copyable": false,
        "ellipsis": false,
        "type": "tertiary",
        "link": "",
        "classList": [],
        "text": "账户类型"
      },
      "propEx": {},
      "events": {},
      "visible": true,
      "locked": false,
      "full": false,
      "$id": "https://ridge-ui.com/schemas/element",
      "slots": []
    },
    {
      "title": "文本_2",
      "path": "ridge-semi/text",
      "id": "m11g3sctpb",
      "style": {
        "position": "absolute",
        "visible": true,
        "x": 0,
        "y": -16,
        "width": 76,
        "height": 24
      },
      "styleEx": {},
      "props": {
        "text": "文本",
        "size": "normal",
        "copyable": false,
        "ellipsis": false,
        "type": "primary",
        "link": "",
        "classList": []
      },
      "propEx": {
        "text": "UserProfile.state.typeLabel"
      },
      "events": {},
      "visible": true,
      "locked": false,
      "full": false,
      "$id": "https://ridge-ui.com/schemas/element",
      "slots": []
    },
    {
      "title": "按钮",
      "path": "ridge-semi/button",
      "id": "ihpawty1c2",
      "style": {
        "position": "absolute",
        "visible": true,
        "x": 0,
        "y": 64,
        "width": 136,
        "height": 22
      },
      "styleEx": {
        "visible": "UserProfile.state.showPromote"
      },
      "props": {
        "type": "warning",
        "size": "small",
        "theme": "solid",
        "disabled": false,
        "loading": false,
        "text": "付费成为高级用户"
      },
      "propEx": {},
      "events": {},
      "visible": true,
      "locked": false,
      "full": false,
      "$id": "https://ridge-ui.com/schemas/element",
      "slots": []
    },
    {
      "title": "文本_3",
      "path": "ridge-semi/text",
      "id": "wrzzifhegk",
      "style": {
        "position": "absolute",
        "visible": true,
        "x": 0,
        "y": 0,
        "width": 88,
        "height": 25
      },
      "styleEx": {},
      "props": {
        "size": "normal",
        "copyable": false,
        "ellipsis": false,
        "type": "tertiary",
        "link": "",
        "classList": [],
        "text": "我的应用"
      },
      "propEx": {},
      "events": {},
      "visible": true,
      "locked": false,
      "full": false,
      "$id": "https://ridge-ui.com/schemas/element",
      "slots": []
    },
    {
      "title": "文本_4",
      "path": "ridge-semi/text",
      "id": "4nljda0az5",
      "style": {
        "position": "absolute",
        "visible": true,
        "x": 0,
        "y": 0,
        "width": 79,
        "height": 24
      },
      "styleEx": {},
      "props": {
        "text": "文本",
        "size": "normal",
        "copyable": false,
        "ellipsis": false,
        "type": "primary",
        "link": "",
        "classList": []
      },
      "propEx": {
        "text": "UserProfile.state.quotaText"
      },
      "events": {},
      "visible": true,
      "locked": false,
      "full": false,
      "$id": "https://ridge-ui.com/schemas/element",
      "slots": []
    },
    {
      "title": "进度条",
      "path": "ridge-semi/progress",
      "id": "suwgcaiimm",
      "style": {
        "position": "absolute",
        "visible": true,
        "x": 0,
        "y": 0,
        "width": 125,
        "height": 10
      },
      "styleEx": {},
      "props": {
        "percent": 75,
        "color": "green",
        "type": "line",
        "direction": "horizontal",
        "colorStage": "3"
      },
      "propEx": {
        "percent": "UserProfile.state.quotaPercent"
      },
      "events": {},
      "visible": true,
      "locked": false,
      "full": false,
      "$id": "https://ridge-ui.com/schemas/element",
      "slots": []
    },
    {
      "title": "弹性容器_4",
      "path": "ridge-container/flex",
      "id": "glblzjh7s4",
      "style": {
        "position": "absolute",
        "visible": true,
        "x": 0,
        "y": 0,
        "width": 720,
        "height": 308
      },
      "styleEx": {
        "visible": "UserProfile.state.showAppList"
      },
      "props": {
        "direction": "row",
        "justify": "flex-start",
        "alignItems": "flex-start",
        "flexWrap": false,
        "children": [
          "7zqgrlktjw",
          "hvkpjr8zlf"
        ],
        "gap": 8,
        "padding": 8,
        "classList": [
          "ridge-bootstrap/border"
        ]
      },
      "propEx": {},
      "events": {},
      "visible": true,
      "locked": false,
      "full": false,
      "$id": "https://ridge-ui.com/schemas/element",
      "slots": []
    },
    {
      "title": "弹性容器_5",
      "path": "ridge-container/flex",
      "id": "d6ofkzi05c",
      "style": {
        "position": "absolute",
        "visible": true,
        "x": 0,
        "y": 0,
        "width": 717,
        "height": 38
      },
      "styleEx": {},
      "props": {
        "direction": "row",
        "justify": "flex-start",
        "alignItems": "center",
        "flexWrap": false,
        "children": [
          "burrl7krp3",
          "ut1oltio6u",
          "m1g8o6tyck",
          "uemjc9w19h"
        ],
        "gap": 8,
        "padding": 8,
        "classList": []
      },
      "propEx": {},
      "events": {},
      "visible": true,
      "locked": false,
      "full": false,
      "$id": "https://ridge-ui.com/schemas/element",
      "slots": []
    },
    {
      "title": "文本_5",
      "path": "ridge-semi/text",
      "id": "burrl7krp3",
      "style": {
        "position": "absolute",
        "visible": true,
        "x": 0,
        "y": 0,
        "width": 80,
        "height": 22
      },
      "styleEx": {},
      "props": {
        "text": "NPM Token",
        "size": "normal",
        "copyable": false,
        "ellipsis": false,
        "type": "primary",
        "link": "",
        "classList": []
      },
      "propEx": {},
      "events": {},
      "visible": true,
      "locked": false,
      "full": false,
      "$id": "https://ridge-ui.com/schemas/element",
      "slots": []
    },
    {
      "title": "气泡提示",
      "path": "ridge-semi/popover",
      "id": "ut1oltio6u",
      "style": {
        "position": "absolute",
        "visible": true,
        "x": 0,
        "y": 3,
        "width": 18,
        "height": 18
      },
      "styleEx": {},
      "props": {
        "icon": "IconIssueStroked",
        "color": "green",
        "size": 16,
        "text": "提供npm相关token时，代发布操作会自动使用，使您直接拥有对应应用的所有权。如未提供可以后续联系我们，转让您的应用的NPM所有权",
        "position": "top"
      },
      "propEx": {},
      "events": {},
      "visible": true,
      "locked": false,
      "full": false,
      "$id": "https://ridge-ui.com/schemas/element",
      "slots": []
    },
    {
      "title": "输入框",
      "path": "ridge-semi/input",
      "id": "m1g8o6tyck",
      "style": {
        "position": "absolute",
        "visible": true,
        "x": 0,
        "y": 0,
        "width": 501,
        "height": 24
      },
      "styleEx": {},
      "props": {
        "value": "",
        "size": "small",
        "validateStatus": "default",
        "password": false,
        "disabled": false,
        "showClear": true
      },
      "propEx": {},
      "events": {},
      "visible": true,
      "locked": false,
      "full": false,
      "$id": "https://ridge-ui.com/schemas/element",
      "slots": []
    },
    {
      "title": "树",
      "path": "ridge-semi/tree",
      "id": "7zqgrlktjw",
      "style": {
        "position": "absolute",
        "visible": true,
        "x": 0,
        "y": 0,
        "width": 168,
        "height": 285
      },
      "styleEx": {},
      "props": {
        "value": "",
        "treeData": [],
        "multiple": false,
        "leafOnly": false,
        "directory": false,
        "filterTreeNode": true,
        "checkRelation": "unRelated"
      },
      "propEx": {
        "treeData": "UserProfile.state.userAppTree",
        "value": "UserProfile.state.currentTreeApp"
      },
      "events": {
        "onChange": [
          {
            "store": "UserProfile",
            "method": "treeNodeChange",
            "payload": ""
          }
        ]
      },
      "visible": true,
      "locked": false,
      "full": false,
      "$id": "https://ridge-ui.com/schemas/element",
      "slots": []
    },
    {
      "title": "弹性容器_6",
      "path": "ridge-container/flex",
      "id": "hvkpjr8zlf",
      "style": {
        "position": "absolute",
        "visible": true,
        "x": 0,
        "y": 0,
        "width": 521,
        "height": 247
      },
      "styleEx": {},
      "props": {
        "direction": "column",
        "justify": "flex-start",
        "alignItems": "flex-start",
        "flexWrap": false,
        "children": [
          "mo7ojd6jck",
          "0s49mc0cgi",
          "hp0xrzzo0c",
          "pe8pc56cwf",
          "57s0e0xnnk",
          "n0k8mv1uv3"
        ],
        "gap": 2,
        "padding": 8,
        "classList": []
      },
      "propEx": {},
      "events": {},
      "visible": true,
      "locked": false,
      "full": false,
      "$id": "https://ridge-ui.com/schemas/element",
      "slots": []
    },
    {
      "title": "弹性容器_7",
      "path": "ridge-container/flex",
      "id": "mo7ojd6jck",
      "style": {
        "position": "absolute",
        "visible": true,
        "x": 0,
        "y": 0,
        "width": 422,
        "height": 36
      },
      "styleEx": {},
      "props": {
        "direction": "row",
        "justify": "flex-start",
        "alignItems": "center",
        "flexWrap": false,
        "children": [
          "ie1wie0n12",
          "ish825r2vd"
        ],
        "gap": 8,
        "padding": 8,
        "classList": []
      },
      "propEx": {},
      "events": {},
      "visible": true,
      "locked": false,
      "full": false,
      "$id": "https://ridge-ui.com/schemas/element",
      "slots": []
    },
    {
      "title": "文本_6",
      "path": "ridge-semi/text",
      "id": "ie1wie0n12",
      "style": {
        "position": "absolute",
        "visible": true,
        "x": 0,
        "y": 0,
        "width": 68,
        "height": 24
      },
      "styleEx": {},
      "props": {
        "text": "名称",
        "size": "normal",
        "copyable": false,
        "ellipsis": false,
        "type": "primary",
        "link": "",
        "classList": []
      },
      "propEx": {},
      "events": {},
      "visible": true,
      "locked": false,
      "full": false,
      "$id": "https://ridge-ui.com/schemas/element",
      "slots": []
    },
    {
      "title": "文本_6",
      "path": "ridge-semi/text",
      "id": "y9kfvsfqy6",
      "style": {
        "position": "absolute",
        "visible": true,
        "x": 0,
        "y": 0,
        "width": 68,
        "height": 23
      },
      "styleEx": {},
      "props": {
        "size": "normal",
        "copyable": false,
        "ellipsis": false,
        "type": "primary",
        "link": "",
        "classList": [],
        "text": "描述"
      },
      "propEx": {},
      "events": {},
      "visible": true,
      "locked": false,
      "full": false,
      "$id": "https://ridge-ui.com/schemas/element",
      "slots": []
    },
    {
      "title": "弹性容器_7",
      "path": "ridge-container/flex",
      "id": "hp0xrzzo0c",
      "style": {
        "position": "absolute",
        "visible": true,
        "x": 0,
        "y": 0,
        "width": 422,
        "height": 36
      },
      "styleEx": {},
      "props": {
        "direction": "row",
        "justify": "flex-start",
        "alignItems": "center",
        "flexWrap": false,
        "children": [
          "y9kfvsfqy6",
          "zvsl558a2g"
        ],
        "gap": 8,
        "padding": 8,
        "classList": []
      },
      "propEx": {},
      "events": {},
      "visible": true,
      "locked": false,
      "full": false,
      "$id": "https://ridge-ui.com/schemas/element",
      "slots": []
    },
    {
      "title": "文本_6",
      "path": "ridge-semi/text",
      "id": "0dkvvytbh8",
      "style": {
        "position": "absolute",
        "visible": true,
        "x": 0,
        "y": 0,
        "width": 68,
        "height": 23
      },
      "styleEx": {},
      "props": {
        "size": "normal",
        "copyable": false,
        "ellipsis": false,
        "type": "primary",
        "link": "",
        "classList": [],
        "text": "版本"
      },
      "propEx": {},
      "events": {},
      "visible": true,
      "locked": false,
      "full": false,
      "$id": "https://ridge-ui.com/schemas/element",
      "slots": []
    },
    {
      "title": "弹性容器_7",
      "path": "ridge-container/flex",
      "id": "0s49mc0cgi",
      "style": {
        "position": "absolute",
        "visible": true,
        "x": 499,
        "y": 354,
        "width": 422,
        "height": 36
      },
      "styleEx": {},
      "props": {
        "direction": "row",
        "justify": "flex-start",
        "alignItems": "center",
        "flexWrap": false,
        "children": [
          "0dkvvytbh8",
          "j0k9h2amct"
        ],
        "gap": 8,
        "padding": 8,
        "classList": []
      },
      "propEx": {},
      "events": {},
      "visible": true,
      "locked": false,
      "full": false,
      "$id": "https://ridge-ui.com/schemas/element",
      "slots": []
    },
    {
      "title": "文本_6",
      "path": "ridge-semi/text",
      "id": "svgl9gkbgl",
      "style": {
        "position": "absolute",
        "visible": true,
        "x": 0,
        "y": 0,
        "width": 68,
        "height": 23
      },
      "styleEx": {},
      "props": {
        "size": "normal",
        "copyable": false,
        "ellipsis": false,
        "type": "primary",
        "link": "",
        "classList": [],
        "text": "保存时间"
      },
      "propEx": {},
      "events": {},
      "visible": true,
      "locked": false,
      "full": false,
      "$id": "https://ridge-ui.com/schemas/element",
      "slots": []
    },
    {
      "title": "弹性容器_7",
      "path": "ridge-container/flex",
      "id": "pe8pc56cwf",
      "style": {
        "position": "absolute",
        "visible": true,
        "x": 0,
        "y": 0,
        "width": 422,
        "height": 36
      },
      "styleEx": {},
      "props": {
        "direction": "row",
        "justify": "flex-start",
        "alignItems": "center",
        "flexWrap": false,
        "children": [
          "svgl9gkbgl",
          "n658ihd986"
        ],
        "gap": 8,
        "padding": 8,
        "classList": []
      },
      "propEx": {},
      "events": {},
      "visible": true,
      "locked": false,
      "full": false,
      "$id": "https://ridge-ui.com/schemas/element",
      "slots": []
    },
    {
      "title": "文本_8",
      "path": "ridge-semi/text",
      "id": "ish825r2vd",
      "style": {
        "position": "absolute",
        "visible": true,
        "x": 0,
        "y": 5,
        "width": 295,
        "height": 24
      },
      "styleEx": {},
      "props": {
        "text": "文本",
        "size": "normal",
        "copyable": false,
        "ellipsis": false,
        "type": "primary",
        "link": "",
        "classList": []
      },
      "propEx": {
        "text": "UserProfile.state.currentAppName"
      },
      "events": {},
      "visible": true,
      "locked": false,
      "full": false,
      "$id": "https://ridge-ui.com/schemas/element",
      "slots": []
    },
    {
      "title": "文本_9",
      "path": "ridge-semi/text",
      "id": "j0k9h2amct",
      "style": {
        "position": "absolute",
        "visible": true,
        "x": 0,
        "y": 0,
        "width": 253,
        "height": 24
      },
      "styleEx": {},
      "props": {
        "text": "文本",
        "size": "normal",
        "copyable": false,
        "ellipsis": false,
        "type": "primary",
        "link": "",
        "classList": []
      },
      "propEx": {
        "text": "UserProfile.state.currentAppVersion"
      },
      "events": {},
      "visible": true,
      "locked": false,
      "full": false,
      "$id": "https://ridge-ui.com/schemas/element",
      "slots": []
    },
    {
      "title": "文本_10",
      "path": "ridge-semi/text",
      "id": "zvsl558a2g",
      "style": {
        "position": "absolute",
        "visible": true,
        "x": 0,
        "y": 0,
        "width": 316,
        "height": 24
      },
      "styleEx": {},
      "props": {
        "text": "文本",
        "size": "normal",
        "copyable": false,
        "ellipsis": false,
        "type": "primary",
        "link": "",
        "classList": []
      },
      "propEx": {
        "text": "UserProfile.state.currentAppDesc"
      },
      "events": {},
      "visible": true,
      "locked": false,
      "full": false,
      "$id": "https://ridge-ui.com/schemas/element",
      "slots": []
    },
    {
      "title": "文本_11",
      "path": "ridge-semi/text",
      "id": "n658ihd986",
      "style": {
        "position": "absolute",
        "visible": true,
        "x": 0,
        "y": 0,
        "width": 293,
        "height": 24
      },
      "styleEx": {},
      "props": {
        "text": "文本",
        "size": "normal",
        "copyable": false,
        "ellipsis": false,
        "type": "primary",
        "link": "",
        "classList": []
      },
      "propEx": {
        "text": "UserProfile.state.currentAppUpload"
      },
      "events": {},
      "visible": true,
      "locked": false,
      "full": false,
      "$id": "https://ridge-ui.com/schemas/element",
      "slots": []
    },
    {
      "title": "弹性容器_8",
      "path": "ridge-container/flex",
      "id": "57s0e0xnnk",
      "style": {
        "position": "absolute",
        "visible": true,
        "x": 0,
        "y": 0,
        "width": 416,
        "height": 36
      },
      "styleEx": {},
      "props": {
        "direction": "row",
        "justify": "flex-start",
        "alignItems": "center",
        "flexWrap": false,
        "children": [
          "q8t9xq0rb4",
          "346i62vvcz"
        ],
        "gap": 8,
        "padding": 8,
        "classList": []
      },
      "propEx": {},
      "events": {},
      "visible": true,
      "locked": false,
      "full": false,
      "$id": "https://ridge-ui.com/schemas/element",
      "slots": []
    },
    {
      "title": "文本_12",
      "path": "ridge-semi/text",
      "id": "q8t9xq0rb4",
      "style": {
        "position": "absolute",
        "visible": true,
        "x": 0,
        "y": 0,
        "width": 69,
        "height": 24
      },
      "styleEx": {},
      "props": {
        "size": "normal",
        "copyable": false,
        "ellipsis": false,
        "type": "primary",
        "link": "",
        "classList": [],
        "text": "发布状态"
      },
      "propEx": {},
      "events": {},
      "visible": true,
      "locked": false,
      "full": false,
      "$id": "https://ridge-ui.com/schemas/element",
      "slots": []
    },
    {
      "title": "文本_7",
      "path": "ridge-semi/text",
      "id": "346i62vvcz",
      "style": {
        "position": "absolute",
        "visible": true,
        "x": 7,
        "y": 0,
        "width": 305,
        "height": 24
      },
      "styleEx": {},
      "props": {
        "text": "文本",
        "size": "normal",
        "copyable": false,
        "ellipsis": false,
        "type": "primary",
        "link": "",
        "classList": []
      },
      "propEx": {
        "text": "UserProfile.state.currentAppPublishStatus"
      },
      "events": {},
      "visible": true,
      "locked": false,
      "full": false,
      "$id": "https://ridge-ui.com/schemas/element",
      "slots": []
    },
    {
      "title": "弹性容器_9",
      "path": "ridge-container/flex",
      "id": "n0k8mv1uv3",
      "style": {
        "position": "absolute",
        "visible": true,
        "x": 0,
        "y": 0,
        "width": 402,
        "height": 41
      },
      "styleEx": {},
      "props": {
        "direction": "row",
        "justify": "flex-start",
        "alignItems": "flex-start",
        "flexWrap": false,
        "children": [
          "q1xab8ubh6",
          "2acwobqznh"
        ],
        "gap": 8,
        "padding": 8,
        "classList": []
      },
      "propEx": {},
      "events": {},
      "visible": true,
      "locked": false,
      "full": false,
      "$id": "https://ridge-ui.com/schemas/element",
      "slots": []
    },
    {
      "title": "文本_13",
      "path": "ridge-semi/text",
      "id": "q1xab8ubh6",
      "style": {
        "position": "absolute",
        "visible": true,
        "x": 0,
        "y": 0,
        "width": 72,
        "height": 19
      },
      "styleEx": {},
      "props": {
        "size": "normal",
        "copyable": false,
        "ellipsis": false,
        "type": "primary",
        "link": "",
        "classList": []
      },
      "propEx": {},
      "events": {},
      "visible": true,
      "locked": false,
      "full": false,
      "$id": "https://ridge-ui.com/schemas/element",
      "slots": []
    },
    {
      "title": "确认按钮",
      "path": "ridge-semi/popconfirm",
      "id": "2acwobqznh",
      "style": {
        "position": "absolute",
        "visible": true,
        "x": 0,
        "y": 0,
        "width": 81,
        "height": 27
      },
      "styleEx": {},
      "props": {
        "title": "确定删除",
        "icon": "IconLanguage",
        "type": "danger",
        "size": "small",
        "theme": "outline",
        "btnText": "删除应用",
        "content": "如果应用未发布到npm仓库，删除后应用将无法找回"
      },
      "propEx": {},
      "events": {
        "onConfirm": [
          {
            "store": "UserProfile",
            "method": "removeApp",
            "payload": ""
          }
        ]
      },
      "visible": true,
      "locked": false,
      "full": false,
      "$id": "https://ridge-ui.com/schemas/element",
      "slots": []
    },
    {
      "title": "按钮_1",
      "path": "ridge-semi/button",
      "id": "uemjc9w19h",
      "style": {
        "position": "absolute",
        "visible": true,
        "x": 0,
        "y": -45,
        "width": 53,
        "height": 24
      },
      "styleEx": {},
      "props": {
        "size": "small",
        "theme": "solid",
        "disabled": false,
        "iconSize": 18,
        "loading": false,
        "text": "提交",
        "type": "secondary"
      },
      "propEx": {},
      "events": {},
      "visible": true,
      "locked": false,
      "full": false,
      "$id": "https://ridge-ui.com/schemas/element",
      "slots": []
    }
  ],
  "name": "UserProfile",
  "children": [
    "vuctw6frdm"
  ]
}