{
  "version": "1.2.0",
  "style": {
    "height": 572,
    "background": "",
    "classNames": [],
    "width": 1011,
    "widthFix": true,
    "heightFix": true
  },
  "properties": {},
  "cssFiles": [],
  "jsFiles": [
    "composite:///field/style/style.store.js"
  ],
  "elements": [
    {
      "title": "弹性容器",
      "path": "ridge-container/flex",
      "id": "nid2h",
      "style": {
        "position": "absolute",
        "visible": true,
        "x": 10,
        "y": 64,
        "width": 991,
        "height": 499
      },
      "styleEx": {},
      "props": {
        "direction": "column",
        "justify": "flex-start",
        "alignItems": "stretch",
        "children": [
          "y9qlf",
          "2na9p"
        ],
        "gap": 10,
        "padding": 0,
        "classNames": []
      },
      "propEx": {},
      "events": {},
      "visible": true,
      "locked": false,
      "full": false,
      "slots": [],
      "$id": "https://ridge-ui.com/schemas/element"
    },
    {
      "title": "列表容器",
      "path": "ridge-container/list",
      "id": "4g5d5",
      "style": {
        "position": "absolute",
        "visible": true,
        "x": 194.96875,
        "y": 59,
        "width": 806,
        "height": 424
      },
      "styleEx": {},
      "props": {
        "dataSource": [],
        "gap": 5,
        "padding": 8,
        "classNames": [],
        "layout": "flex",
        "itemClassNames": [],
        "selectedClassNames": [],
        "template": "3n48l"
      },
      "propEx": {
        "dataSource": "StyleStore.computed.styleClassList",
        "selected": "StyleStore.computed.classListSelected"
      },
      "events": {
        "onItemClick": [
          {
            "store": "StyleStore",
            "method": "onClassItemClick",
            "payload": ""
          }
        ]
      },
      "visible": true,
      "locked": false,
      "full": false,
      "slots": [
        "3n48l"
      ],
      "$id": "https://ridge-ui.com/schemas/element"
    },
    {
      "title": "HTML",
      "path": "ridge-basic/html",
      "id": "solnj",
      "style": {
        "position": "absolute",
        "x": 591,
        "y": 658,
        "width": 100,
        "height": 33
      },
      "styleEx": {
        "visible": null
      },
      "props": {
        "html": "<div>HTML</div>",
        "className": [
          "ridge-bootstrap/border"
        ],
        "classNames": [
          "ridge-tailwind/hover:shadow-md",
          "ridge-tailwind/cursor-pointer"
        ]
      },
      "propEx": {
        "html": "StyleStore.computed.classPreviewHTML"
      },
      "events": {},
      "visible": true,
      "locked": false,
      "full": false,
      "slot": false,
      "slots": [],
      "$id": "https://ridge-ui.com/schemas/element"
    },
    {
      "title": "弹性容器",
      "path": "ridge-container/flex",
      "id": "2na9p",
      "style": {
        "position": "absolute",
        "visible": true,
        "x": 0,
        "y": 0,
        "width": 1036,
        "height": 240,
        "flex": "1"
      },
      "styleEx": {},
      "props": {
        "direction": "row",
        "justify": "flex-start",
        "alignItems": "stretch",
        "children": [
          "ajvob",
          "4g5d5"
        ],
        "gap": 8,
        "padding": 0,
        "classNames": []
      },
      "propEx": {},
      "events": {},
      "visible": true,
      "locked": false,
      "full": false,
      "slots": [],
      "$id": "https://ridge-ui.com/schemas/element"
    },
    {
      "title": "列表容器",
      "path": "ridge-container/list",
      "id": "tm6tq",
      "style": {
        "position": "absolute",
        "visible": true,
        "x": 14,
        "y": 0,
        "width": 987,
        "height": 54
      },
      "styleEx": {},
      "props": {
        "dataSource": [],
        "selected": [],
        "gap": 4,
        "padding": 4,
        "classNames": [
          "ridge-bootstrap/bg-body-tertiary",
          "ridge-bootstrap/rounded-4",
          "ridge-bootstrap/p-1",
          "ridge-bootstrap/p-2"
        ],
        "itemClassNames": [],
        "selectedClassNames": [],
        "layout": "flex",
        "template": "qpxvm"
      },
      "propEx": {
        "dataSource": "StyleStore.state.selectedValues"
      },
      "events": {},
      "visible": true,
      "locked": false,
      "full": false,
      "slots": [
        "qpxvm"
      ],
      "$id": "https://ridge-ui.com/schemas/element"
    },
    {
      "title": "标签栏",
      "path": "ridge-semi/tabs",
      "id": "y9qlf",
      "style": {
        "position": "absolute",
        "visible": true,
        "x": 10,
        "y": 522,
        "width": 991,
        "height": 39
      },
      "styleEx": {},
      "props": {
        "tabs": [
          {
            "label": "标签1",
            "value": "tab1"
          },
          {
            "label": "标签2",
            "value": "value2"
          }
        ],
        "value": "",
        "type": "button",
        "position": false,
        "classNames": [],
        "direction": "horizontal"
      },
      "propEx": {
        "tabs": "StyleStore.state.packageList",
        "value": "StyleStore.state.currentPackage"
      },
      "events": {},
      "visible": true,
      "locked": false,
      "full": false,
      "slots": [],
      "$id": "https://ridge-ui.com/schemas/element"
    },
    {
      "title": "树",
      "path": "ridge-semi/tree",
      "id": "ajvob",
      "style": {
        "position": "absolute",
        "visible": true,
        "x": 0,
        "y": 0,
        "width": 177,
        "height": 87
      },
      "styleEx": {},
      "props": {
        "treeData": [
          {
            "label": "标签1",
            "value": "tab1",
            "key": "tab1"
          },
          {
            "label": "标签2",
            "value": "value2",
            "key": "value2"
          }
        ],
        "value": ""
      },
      "propEx": {
        "treeData": "StyleStore.computed.styleCategories",
        "value": "StyleStore.state.currentCategory"
      },
      "events": {},
      "visible": true,
      "locked": false,
      "full": false,
      "slots": [],
      "$id": "https://ridge-ui.com/schemas/element"
    },
    {
      "title": "HTML",
      "path": "ridge-basic/html",
      "id": "3n48l",
      "style": {
        "position": "absolute",
        "visible": true,
        "x": 32,
        "y": 633,
        "width": 58,
        "height": 54
      },
      "styleEx": {},
      "props": {
        "html": "<div>HTML</div>",
        "isCenter": true,
        "classNames": []
      },
      "propEx": {
        "html": "StyleStore.computed.classPreviewHTML"
      },
      "events": {},
      "visible": true,
      "locked": false,
      "full": false,
      "slot": true,
      "slots": [],
      "$id": "https://ridge-ui.com/schemas/element"
    },
    {
      "title": "标签",
      "path": "ridge-semi/tag",
      "id": "qpxvm",
      "style": {
        "position": "absolute",
        "visible": true,
        "x": 0,
        "y": 0,
        "width": 55,
        "height": 27
      },
      "styleEx": {},
      "props": {
        "text": "标签",
        "size": "large",
        "closable": true,
        "color": "blue"
      },
      "propEx": {
        "text": "StyleStore.computed.itemClassName"
      },
      "events": {
        "onClose": [
          {
            "store": "StyleStore",
            "method": "onSelectedLabelClick",
            "payload": ""
          }
        ],
        "onClick": [
          {
            "store": "StyleStore",
            "method": "onLabelNameClick",
            "payload": ""
          }
        ]
      },
      "visible": true,
      "locked": false,
      "full": false,
      "slots": [],
      "slot": true,
      "$id": "https://ridge-ui.com/schemas/element"
    }
  ],
  "name": "DialogStyleSelect",
  "slots": [
    "3n48l",
    "1zc5a",
    "jq39s"
  ],
  "children": [
    "nid2h",
    "tm6tq"
  ]
}