{
  "version": "1.2.0",
  "style": {
    "width": 1320,
    "height": 640,
    "background": "",
    "classNames": []
  },
  "properties": {},
  "cssFiles": [],
  "jsFiles": [
    "composite:///js/repo-components.js"
  ],
  "elements": [
    {
      "title": "列表容器",
      "path": "ridge-container/list",
      "id": "3oi9eth02h",
      "style": {
        "position": "absolute",
        "visible": true,
        "x": 0,
        "y": 0,
        "width": 1025,
        "height": 621
      },
      "styleEx": {},
      "props": {
        "dataSource": [],
        "selected": [],
        "gap": 4,
        "padding": 4,
        "layout": "flex",
        "fixedHeight": true,
        "classNames": [],
        "itemClassNames": [],
        "selectedClassNames": [],
        "template": "aymxdbrhv7"
      },
      "propEx": {
        "dataSource": "RepoComponents.state.packageList"
      },
      "events": {},
      "visible": true,
      "locked": false,
      "full": false,
      "$id": "https://ridge-ui.com/schemas/element",
      "slots": [
        "aymxdbrhv7"
      ]
    },
    {
      "title": "组件包_模板",
      "path": "ridge-container/flex",
      "id": "aymxdbrhv7",
      "style": {
        "position": "absolute",
        "visible": true,
        "x": 0,
        "y": 0,
        "width": 387,
        "height": 100
      },
      "styleEx": {},
      "props": {
        "direction": "row",
        "justify": "flex-start",
        "alignItems": "center",
        "flexWrap": false,
        "fill": false,
        "children": [
          "pzyi0iq6wj"
        ],
        "gap": 12,
        "padding": 8,
        "classList": [
          "ridge-bootstrap/border",
          "ridge-bootstrap/border-1",
          "ridge-bootstrap/border-primary-emphasis",
          "ridge-bootstrap/fs-6",
          "ridge-bootstrap/text-secondary",
          "ridge-bootstrap/shadow-sm"
        ]
      },
      "propEx": {},
      "events": {},
      "visible": true,
      "locked": false,
      "full": false,
      "$id": "https://ridge-ui.com/schemas/element",
      "slots": [],
      "slot": true
    },
    {
      "title": "图片",
      "path": "ridge-bootstrap/image",
      "id": "j4s9kni3rh",
      "style": {
        "position": "absolute",
        "visible": true,
        "x": 163,
        "y": 765,
        "width": 24,
        "height": 24
      },
      "styleEx": {},
      "props": {
        "src": "",
        "classList": []
      },
      "propEx": {
        "src": "RepoComponents.computed.itemPackageIcon"
      },
      "events": {},
      "visible": true,
      "locked": false,
      "full": false,
      "$id": "https://ridge-ui.com/schemas/element",
      "slots": []
    },
    {
      "title": "弹性容器_1",
      "path": "ridge-container/flex",
      "id": "pzyi0iq6wj",
      "style": {
        "position": "absolute",
        "visible": true,
        "x": 0,
        "y": -18,
        "width": 369,
        "height": 92
      },
      "styleEx": {},
      "props": {
        "direction": "column",
        "justify": "flex-start",
        "alignItems": "flex-start",
        "flexWrap": false,
        "fill": false,
        "children": [
          "ckvp1mdu5b",
          "hd39g5hqkb",
          "ecxks0h0sf"
        ],
        "gap": 3,
        "padding": 2,
        "classList": []
      },
      "propEx": {},
      "events": {},
      "visible": true,
      "locked": false,
      "full": false,
      "$id": "https://ridge-ui.com/schemas/element",
      "slots": []
    },
    {
      "title": "文本",
      "path": "ridge-bootstrap/typography",
      "id": "63ioplj527",
      "style": {
        "position": "absolute",
        "visible": true,
        "x": 0,
        "y": 0,
        "width": 256,
        "height": 21.00000186842315
      },
      "styleEx": {},
      "props": {
        "text": "文本",
        "classList": [
          "ridge-bootstrap/text-black"
        ]
      },
      "propEx": {
        "text": "RepoComponents.computed.itemPackageName"
      },
      "events": {},
      "visible": true,
      "locked": false,
      "full": false,
      "$id": "https://ridge-ui.com/schemas/element",
      "slots": []
    },
    {
      "title": "文本_1",
      "path": "ridge-bootstrap/typography",
      "id": "hd39g5hqkb",
      "style": {
        "position": "absolute",
        "visible": true,
        "x": 0,
        "y": 0,
        "width": 362,
        "height": 24
      },
      "styleEx": {},
      "props": {
        "text": "文本",
        "classList": [
          "ridge-bootstrap/text-body-tertiary",
          "ridge-bootstrap/fs-6",
          "ridge-bootstrap/text-truncate"
        ]
      },
      "propEx": {
        "text": "RepoComponents.computed.itemPackageDesc"
      },
      "events": {},
      "visible": true,
      "locked": false,
      "full": false,
      "$id": "https://ridge-ui.com/schemas/element",
      "slots": []
    },
    {
      "title": "弹性容器",
      "path": "ridge-container/flex",
      "id": "ckvp1mdu5b",
      "style": {
        "position": "absolute",
        "visible": true,
        "x": 0,
        "y": 0,
        "width": 365,
        "height": 36
      },
      "styleEx": {},
      "props": {
        "direction": "row",
        "justify": "flex-start",
        "alignItems": "center",
        "flexWrap": false,
        "fill": false,
        "children": [
          "j4s9kni3rh",
          "63ioplj527",
          "kxysg4p2lq"
        ],
        "padding": 0,
        "classList": [],
        "gap": 12
      },
      "propEx": {},
      "events": {},
      "visible": true,
      "locked": false,
      "full": false,
      "$id": "https://ridge-ui.com/schemas/element",
      "slots": []
    },
    {
      "title": "标签",
      "path": "ridge-bootstrap/badge",
      "id": "kxysg4p2lq",
      "style": {
        "position": "absolute",
        "visible": true,
        "x": 87.99999003507654,
        "y": 120.51562873684631,
        "width": 55,
        "height": 19.968741280691965
      },
      "styleEx": {},
      "props": {
        "type": "light",
        "text": "3.1.19",
        "pill": false,
        "showClose": false,
        "classList": []
      },
      "propEx": {
        "text": "RepoComponents.computed.itemPackageVersion"
      },
      "events": {},
      "visible": true,
      "locked": false,
      "full": false,
      "$id": "https://ridge-ui.com/schemas/element",
      "slots": []
    },
    {
      "title": "弹性容器_2",
      "path": "ridge-container/flex",
      "id": "ecxks0h0sf",
      "style": {
        "position": "absolute",
        "visible": true,
        "x": 0,
        "y": 0,
        "width": 360,
        "height": 24
      },
      "styleEx": {},
      "props": {
        "direction": "row",
        "justify": "flex-start",
        "alignItems": "center",
        "flexWrap": false,
        "fill": false,
        "children": [
          "5nriit5fpn",
          "p9k2vrikj1",
          "6n6b4duy6f",
          "fsxhn3rukl"
        ],
        "gap": 8,
        "padding": 0,
        "classList": []
      },
      "propEx": {},
      "events": {},
      "visible": true,
      "locked": false,
      "full": false,
      "$id": "https://ridge-ui.com/schemas/element",
      "slots": []
    },
    {
      "title": "文本_2",
      "path": "ridge-bootstrap/typography",
      "id": "p9k2vrikj1",
      "style": {
        "position": "absolute",
        "visible": true,
        "x": 0,
        "y": 0,
        "width": 141,
        "height": 24,
        "flex": "1"
      },
      "styleEx": {},
      "props": {
        "classList": [
          "ridge-bootstrap/text-info-emphasis"
        ],
        "text": "版本"
      },
      "propEx": {
        "text": "RepoComponents.computed.itemPackageAuthor"
      },
      "events": {},
      "visible": true,
      "locked": false,
      "full": false,
      "$id": "https://ridge-ui.com/schemas/element",
      "slots": []
    },
    {
      "title": "按钮",
      "path": "ridge-bootstrap/button",
      "id": "6n6b4duy6f",
      "style": {
        "position": "absolute",
        "visible": true,
        "x": 0,
        "y": -88,
        "width": 47,
        "height": 31
      },
      "styleEx": {
        "visible": "RepoComponents.computed.itemPackageShowInstallBtn"
      },
      "props": {
        "type": "primary",
        "src": "",
        "size": "sm",
        "style": "general",
        "rounded": false,
        "full": false,
        "disabled": false,
        "withBadge": false,
        "text": "安装"
      },
      "propEx": {},
      "events": {
        "onClick": [
          {
            "store": "RepoComponents",
            "method": "installPackage",
            "payload": ""
          }
        ]
      },
      "visible": true,
      "locked": false,
      "full": false,
      "$id": "https://ridge-ui.com/schemas/element",
      "slots": []
    },
    {
      "title": "文本_3",
      "path": "ridge-bootstrap/typography",
      "id": "5nriit5fpn",
      "style": {
        "position": "absolute",
        "visible": true,
        "x": 0,
        "y": 0,
        "width": 53,
        "height": 24
      },
      "styleEx": {},
      "props": {
        "classList": [],
        "text": "提供者"
      },
      "propEx": {},
      "events": {},
      "visible": true,
      "locked": false,
      "full": false,
      "$id": "https://ridge-ui.com/schemas/element",
      "slots": []
    },
    {
      "title": "弹性容器_3",
      "path": "ridge-container/flex",
      "id": "x5ysk0pt51",
      "style": {
        "position": "absolute",
        "visible": true,
        "x": 65,
        "y": -9,
        "width": 359,
        "height": 240
      },
      "styleEx": {},
      "props": {
        "direction": "column",
        "justify": "flex-start",
        "alignItems": "stretch",
        "flexWrap": false,
        "fill": false,
        "children": [
          "3oi9eth02h"
        ],
        "gap": 8,
        "padding": 8,
        "classList": []
      },
      "propEx": {},
      "events": {},
      "visible": true,
      "locked": false,
      "full": true,
      "$id": "https://ridge-ui.com/schemas/element",
      "slots": []
    },
    {
      "title": "文本_4",
      "path": "ridge-bootstrap/typography",
      "id": "fsxhn3rukl",
      "style": {
        "position": "absolute",
        "visible": true,
        "x": 0,
        "y": 0,
        "width": 50,
        "height": 22
      },
      "styleEx": {
        "visible": "RepoComponents.computed.itemPackageInstalled"
      },
      "props": {
        "classList": [
          "ridge-bootstrap/text-success"
        ],
        "text": "已安装"
      },
      "propEx": {},
      "events": {},
      "visible": true,
      "locked": false,
      "full": false,
      "$id": "https://ridge-ui.com/schemas/element",
      "slots": []
    }
  ],
  "name": "repo-components",
  "children": [
    "x5ysk0pt51"
  ]
}