{
  "version": "1.2.0",
  "style": {
    "width": 24,
    "height": 24,
    "background": "",
    "classNames": [],
    "widthFix": true,
    "heightFix": true
  },
  "properties": {
    "packageObject": {
      "name": "ridge-editor",
      "version": "1.1.3",
      "author": "JY",
      "description": "RidgeEditor 配置相关表单",
      "dependencies": {
        "ridge-container": "1.0.2",
        "ridge-semi": "1.0.0",
        "ridge-bootstrap": "1.0.0"
      }
    }
  },
  "cssFiles": [],
  "jsFiles": [
    "composite:///js/appConfig.js"
  ],
  "elements": [
    {
      "title": "对话框",
      "path": "ridge-semi/modal",
      "id": "h1n1smb50c",
      "style": {
        "position": "absolute",
        "visible": true,
        "x": 0,
        "y": 38,
        "width": 960,
        "height": 660
      },
      "styleEx": {},
      "props": {
        "value": false,
        "textContent": "默认对话框文本内容",
        "cancelText": "取消",
        "okText": "确认",
        "hasCancel": false,
        "confirmLoading": false,
        "closeOnEsc": false,
        "title": "应用配置",
        "content": "dqtg9ilpw2",
        "showHeader": false,
        "showFooter": false,
        "maskClosable": false
      },
      "propEx": {
        "value": "RidgeAppConfig.state.dialogAppConfig"
      },
      "events": {},
      "visible": true,
      "locked": false,
      "full": false,
      "$id": "https://ridge-ui.com/schemas/element",
      "slots": [
        "dqtg9ilpw2"
      ]
    },
    {
      "title": "弹性容器_模板",
      "path": "ridge-container/flex",
      "id": "dqtg9ilpw2",
      "style": {
        "position": "absolute",
        "visible": true,
        "x": -500,
        "y": 163,
        "width": 409,
        "height": 272
      },
      "styleEx": {},
      "props": {
        "direction": "column",
        "justify": "flex-start",
        "alignItems": "stretch",
        "flexWrap": false,
        "children": [
          "rm3n2tzo32",
          "3hrueb2rll",
          "cysjr3tpi0",
          "ofq7vhxikj",
          "cebjo91k9k"
        ],
        "gap": 8,
        "padding": 0,
        "classList": []
      },
      "propEx": {},
      "events": {},
      "visible": true,
      "locked": false,
      "full": false,
      "$id": "https://ridge-ui.com/schemas/element",
      "slots": [],
      "slot": true
    },
    {
      "title": "标题",
      "path": "ridge-semi/title",
      "id": "g2i7bm0vtu",
      "style": {
        "position": "absolute",
        "visible": true,
        "x": 0,
        "y": 0,
        "width": 694,
        "height": 27
      },
      "styleEx": {},
      "props": {
        "heading": 6,
        "text": "应用配置"
      },
      "propEx": {},
      "events": {},
      "visible": true,
      "locked": false,
      "full": false,
      "$id": "https://ridge-ui.com/schemas/element",
      "slots": []
    },
    {
      "title": "弹性容器",
      "path": "ridge-container/flex",
      "id": "rm3n2tzo32",
      "style": {
        "position": "absolute",
        "visible": true,
        "x": 0,
        "y": 0,
        "width": 360,
        "height": 62
      },
      "styleEx": {},
      "props": {
        "direction": "row",
        "justify": "flex-start",
        "alignItems": "flex-end",
        "flexWrap": false,
        "children": [
          "g2i7bm0vtu",
          "8tlocdm1pu",
          "gyy5jfthy3",
          "gn105cg5xc"
        ],
        "gap": 12,
        "padding": 8,
        "classList": []
      },
      "propEx": {},
      "events": {},
      "visible": true,
      "locked": false,
      "full": false,
      "$id": "https://ridge-ui.com/schemas/element",
      "slots": []
    },
    {
      "title": "文本",
      "path": "ridge-semi/text",
      "id": "2bbqmsy4yu",
      "style": {
        "position": "absolute",
        "visible": true,
        "x": 0,
        "y": 0,
        "width": 61,
        "height": 24
      },
      "styleEx": {},
      "props": {
        "size": "default",
        "type": "secondary",
        "classList": [],
        "text": "名称"
      },
      "propEx": {},
      "events": {},
      "visible": true,
      "locked": false,
      "full": false,
      "slots": [],
      "$id": "https://ridge-ui.com/schemas/element"
    },
    {
      "title": "输入框",
      "path": "ridge-semi/input",
      "id": "7q74s7ulv0",
      "style": {
        "position": "absolute",
        "visible": true,
        "x": 0,
        "y": 0,
        "width": 292,
        "height": 33
      },
      "styleEx": {},
      "props": {
        "value": "",
        "size": "default",
        "showClear": true
      },
      "propEx": {
        "value": "RidgeAppConfig.state.packageName"
      },
      "events": {},
      "visible": true,
      "locked": false,
      "full": false,
      "slots": [],
      "$id": "https://ridge-ui.com/schemas/element"
    },
    {
      "title": "文本",
      "path": "ridge-semi/text",
      "id": "r3bzite7cu",
      "style": {
        "position": "absolute",
        "visible": true,
        "x": 0,
        "y": -3,
        "width": 63,
        "height": 20
      },
      "styleEx": {},
      "props": {
        "text": "版本号",
        "size": "default",
        "type": "secondary",
        "classList": []
      },
      "propEx": {},
      "events": {},
      "visible": true,
      "locked": false,
      "full": false,
      "slots": [],
      "$id": "https://ridge-ui.com/schemas/element"
    },
    {
      "title": "输入框",
      "path": "ridge-semi/input",
      "id": "jrns0jkrt2",
      "style": {
        "position": "absolute",
        "visible": true,
        "x": 0,
        "y": 0,
        "width": 172,
        "height": 33
      },
      "styleEx": {},
      "props": {
        "value": "",
        "size": "default",
        "showClear": true
      },
      "propEx": {
        "value": "RidgeAppConfig.state.packageVersion"
      },
      "events": {},
      "visible": true,
      "locked": false,
      "full": false,
      "slots": [],
      "$id": "https://ridge-ui.com/schemas/element"
    },
    {
      "title": "行-名称",
      "path": "ridge-container/flex",
      "id": "3hrueb2rll",
      "style": {
        "position": "absolute",
        "visible": true,
        "x": 0,
        "y": -111,
        "width": 879.0000583814539,
        "height": 35
      },
      "styleEx": {},
      "props": {
        "direction": "row",
        "justify": "flex-start",
        "alignItems": "center",
        "children": [
          "2bbqmsy4yu",
          "7q74s7ulv0",
          "yfu7vf746d",
          "elc4mwnnvd"
        ],
        "gap": 8,
        "padding": 8,
        "classNames": []
      },
      "propEx": {},
      "events": {},
      "visible": true,
      "locked": false,
      "full": false,
      "slots": [],
      "$id": "https://ridge-ui.com/schemas/element"
    },
    {
      "title": "文本",
      "path": "ridge-semi/text",
      "id": "nu5oalzj5h",
      "style": {
        "position": "absolute",
        "visible": true,
        "x": 0,
        "y": -12,
        "width": 47,
        "height": 18
      },
      "styleEx": {},
      "props": {
        "size": "default",
        "type": "secondary",
        "classList": [],
        "text": "作者"
      },
      "propEx": {},
      "events": {},
      "visible": true,
      "locked": false,
      "full": false,
      "slots": [],
      "$id": "https://ridge-ui.com/schemas/element"
    },
    {
      "title": "输入框",
      "path": "ridge-semi/input",
      "id": "9i5txdws2v",
      "style": {
        "position": "absolute",
        "visible": true,
        "x": 104,
        "y": 271.5,
        "width": 232,
        "height": 31
      },
      "styleEx": {},
      "props": {
        "value": "",
        "size": "default",
        "showClear": true
      },
      "propEx": {
        "value": "RidgeAppConfig.state.packageAuthor"
      },
      "events": {},
      "visible": true,
      "locked": false,
      "full": false,
      "slots": [],
      "$id": "https://ridge-ui.com/schemas/element"
    },
    {
      "title": "行-版本作者",
      "path": "ridge-container/flex",
      "id": "cysjr3tpi0",
      "style": {
        "position": "absolute",
        "visible": true,
        "x": 0,
        "y": 0,
        "width": 872,
        "height": 61
      },
      "styleEx": {},
      "props": {
        "direction": "row",
        "justify": "flex-start",
        "alignItems": "center",
        "children": [
          "r3bzite7cu",
          "jrns0jkrt2",
          "nu5oalzj5h",
          "9i5txdws2v",
          "opzon68zfv",
          "txwtzponmx"
        ],
        "gap": 8,
        "padding": 8,
        "classNames": []
      },
      "propEx": {},
      "events": {},
      "visible": true,
      "locked": false,
      "full": false,
      "slots": [],
      "$id": "https://ridge-ui.com/schemas/element"
    },
    {
      "title": "文本",
      "path": "ridge-semi/text",
      "id": "yfu7vf746d",
      "style": {
        "position": "absolute",
        "visible": true,
        "x": 362,
        "y": 80,
        "width": 65,
        "height": 23
      },
      "styleEx": {},
      "props": {
        "text": "描述",
        "size": "default",
        "type": "secondary",
        "classList": []
      },
      "propEx": {},
      "events": {},
      "visible": true,
      "locked": false,
      "full": false,
      "slots": [],
      "$id": "https://ridge-ui.com/schemas/element"
    },
    {
      "title": "输入框",
      "path": "ridge-semi/input",
      "id": "elc4mwnnvd",
      "style": {
        "position": "absolute",
        "visible": true,
        "x": 426,
        "y": 16,
        "width": 370,
        "height": 32
      },
      "styleEx": {},
      "props": {
        "value": "",
        "size": "default",
        "showClear": true
      },
      "propEx": {
        "value": "RidgeAppConfig.state.packageDescription"
      },
      "events": {},
      "visible": true,
      "locked": false,
      "full": false,
      "slots": [],
      "$id": "https://ridge-ui.com/schemas/element"
    },
    {
      "title": "行-描述",
      "path": "ridge-container/flex",
      "id": "ofq7vhxikj",
      "style": {
        "position": "absolute",
        "visible": true,
        "x": 0,
        "y": 0,
        "width": 892,
        "height": 19
      },
      "styleEx": {},
      "props": {
        "direction": "row",
        "justify": "space-between",
        "alignItems": "center",
        "children": [
          "n0zg3pr3pt"
        ],
        "gap": 8,
        "padding": 8,
        "classNames": []
      },
      "propEx": {},
      "events": {},
      "visible": true,
      "locked": false,
      "full": false,
      "slots": [],
      "$id": "https://ridge-ui.com/schemas/element"
    },
    {
      "title": "按钮_1",
      "path": "ridge-semi/button",
      "id": "gn105cg5xc",
      "style": {
        "position": "absolute",
        "visible": true,
        "x": 796,
        "y": 176,
        "width": 29,
        "height": 32
      },
      "styleEx": {},
      "props": {
        "type": "primary",
        "size": "default",
        "theme": "borderless",
        "disabled": false,
        "loading": false,
        "icon": "IconClose"
      },
      "propEx": {},
      "events": {
        "onClick": [
          {
            "store": "RidgeAppConfig",
            "method": "closeConfigDialog",
            "payload": ""
          }
        ]
      },
      "visible": true,
      "locked": false,
      "full": false,
      "$id": "https://ridge-ui.com/schemas/element",
      "slots": []
    },
    {
      "title": "按钮_2",
      "path": "ridge-semi/button",
      "id": "16q5hl7gz4",
      "style": {
        "position": "absolute",
        "visible": true,
        "x": 0,
        "y": -2,
        "width": 24,
        "height": 24
      },
      "styleEx": {},
      "props": {
        "icon": "IconSetting",
        "type": "tertiary",
        "size": "small",
        "theme": "borderless",
        "disabled": false,
        "loading": false
      },
      "propEx": {},
      "events": {
        "onClick": [
          {
            "store": "RidgeAppConfig",
            "method": "openConfigDialog",
            "payload": ""
          }
        ]
      },
      "visible": true,
      "locked": false,
      "full": false,
      "$id": "https://ridge-ui.com/schemas/element",
      "slots": []
    },
    {
      "title": "文本",
      "path": "ridge-semi/text",
      "id": "n0zg3pr3pt",
      "style": {
        "position": "absolute",
        "visible": true,
        "x": 0,
        "y": 0,
        "width": 139,
        "height": 19
      },
      "styleEx": {},
      "props": {
        "text": "组件包列表",
        "size": "normal",
        "copyable": false,
        "ellipsis": false,
        "type": "primary",
        "link": "",
        "classList": [
          "ridge-bootstrap/fw-bolder",
          "ridge-bootstrap/text-primary"
        ]
      },
      "propEx": {},
      "events": {},
      "visible": true,
      "locked": false,
      "full": false,
      "$id": "https://ridge-ui.com/schemas/element",
      "slots": []
    },
    {
      "title": "列表容器",
      "path": "ridge-container/list",
      "id": "cebjo91k9k",
      "style": {
        "position": "absolute",
        "visible": true,
        "x": 0,
        "y": 0,
        "width": 912,
        "height": 431
      },
      "styleEx": {},
      "props": {
        "dataSource": [],
        "selected": [],
        "gap": 4,
        "padding": 4,
        "layout": "list",
        "fixedHeight": true,
        "classNames": [],
        "itemClassNames": [],
        "selectedClassNames": [],
        "template": "9jrd1fn5d7"
      },
      "propEx": {
        "dataSource": "RidgeAppConfig.state.packageListData"
      },
      "events": {},
      "visible": true,
      "locked": false,
      "full": false,
      "$id": "https://ridge-ui.com/schemas/element",
      "slots": [
        "9jrd1fn5d7"
      ]
    },
    {
      "title": "组件列表_单项_模板",
      "path": "ridge-container/flex",
      "id": "9jrd1fn5d7",
      "style": {
        "position": "absolute",
        "visible": true,
        "x": 0,
        "y": 0,
        "width": 895,
        "height": 63
      },
      "styleEx": {},
      "props": {
        "direction": "row",
        "justify": "flex-start",
        "alignItems": "center",
        "flexWrap": false,
        "children": [
          "0jqkhh7z8g",
          "zwru11vtc6"
        ],
        "gap": 8,
        "padding": 0,
        "classList": [
          "ridge-bootstrap/border-bottom",
          "ridge-bootstrap/border-1"
        ]
      },
      "propEx": {},
      "events": {},
      "visible": true,
      "locked": false,
      "full": false,
      "$id": "https://ridge-ui.com/schemas/element",
      "slots": [],
      "slot": true
    },
    {
      "title": "图标",
      "path": "ridge-semi/icon",
      "id": "yv4gtp7gy5",
      "style": {
        "position": "absolute",
        "visible": true,
        "x": 0,
        "y": 0,
        "width": 22,
        "height": 22
      },
      "styleEx": {},
      "props": {
        "icon": "IconLanguage",
        "color": "teal",
        "size": 20,
        "classList": []
      },
      "propEx": {
        "icon": "RidgeAppConfig.computed.scopedPackageIcon"
      },
      "events": {},
      "visible": true,
      "locked": false,
      "full": false,
      "$id": "https://ridge-ui.com/schemas/element",
      "slots": []
    },
    {
      "title": "弹性容器_1",
      "path": "ridge-container/flex",
      "id": "0jqkhh7z8g",
      "style": {
        "position": "absolute",
        "visible": true,
        "x": 0,
        "y": 0,
        "width": 848,
        "height": 43
      },
      "styleEx": {},
      "props": {
        "direction": "column",
        "justify": "flex-start",
        "alignItems": "flex-start",
        "flexWrap": false,
        "children": [
          "obmri3yrzz",
          "4qx0ybu8h4"
        ],
        "gap": 2,
        "padding": 4,
        "classList": []
      },
      "propEx": {},
      "events": {},
      "visible": true,
      "locked": false,
      "full": false,
      "$id": "https://ridge-ui.com/schemas/element",
      "slots": []
    },
    {
      "title": "标签",
      "path": "ridge-semi/tag",
      "id": "ukmacgbioa",
      "style": {
        "position": "absolute",
        "visible": true,
        "x": 799,
        "y": 266.5,
        "width": 64,
        "height": 19
      },
      "styleEx": {},
      "props": {
        "text": "10.20.101",
        "size": "small",
        "color": "blue"
      },
      "propEx": {
        "text": "RidgeAppConfig.computed.scopedPackageVersion"
      },
      "events": {},
      "visible": true,
      "locked": false,
      "full": false,
      "$id": "https://ridge-ui.com/schemas/element",
      "slots": []
    },
    {
      "title": "文本_1",
      "path": "ridge-semi/text",
      "id": "4qx0ybu8h4",
      "style": {
        "position": "absolute",
        "visible": true,
        "x": 0,
        "y": 0,
        "width": 846,
        "height": 20
      },
      "styleEx": {},
      "props": {
        "text": "文本",
        "size": "small",
        "copyable": false,
        "ellipsis": false,
        "type": "tertiary",
        "link": "",
        "classList": []
      },
      "propEx": {
        "text": "RidgeAppConfig.computed.scopedPackageDesc"
      },
      "events": {},
      "visible": true,
      "locked": false,
      "full": false,
      "$id": "https://ridge-ui.com/schemas/element",
      "slots": []
    },
    {
      "title": "文本_2",
      "path": "ridge-semi/text",
      "id": "o7laxleia0",
      "style": {
        "position": "absolute",
        "visible": true,
        "x": 29,
        "y": 254.5,
        "width": 28,
        "height": 19,
        "autoSize": true
      },
      "styleEx": {},
      "props": {
        "text": "文本",
        "size": "normal",
        "copyable": false,
        "ellipsis": false,
        "type": "primary",
        "link": "",
        "classList": []
      },
      "propEx": {
        "text": "RidgeAppConfig.computed.scopedPackageName"
      },
      "events": {},
      "visible": true,
      "locked": false,
      "full": false,
      "$id": "https://ridge-ui.com/schemas/element",
      "slots": []
    },
    {
      "title": "下拉",
      "path": "ridge-semi/dropdown",
      "id": "gyy5jfthy3",
      "style": {
        "position": "absolute",
        "visible": true,
        "x": 0,
        "y": 0,
        "width": 59,
        "height": 32
      },
      "styleEx": {},
      "props": {
        "menus": [
          {
            "label": "导出",
            "icon": "IconExport",
            "value": "export"
          },
          {
            "label": "导入",
            "icon": "IconImport",
            "value": "import"
          },
          {
            "label": "上传应用",
            "icon": "IconCloudUploadStroked",
            "value": "upload"
          },
          {
            "label": "打开我的应用..",
            "icon": "IconFolderOpen",
            "value": "open"
          },
          {
            "label": "清空应用",
            "icon": "IconRefresh",
            "value": "reset"
          }
        ],
        "trigger": "hover",
        "theme": "borderless",
        "type": "primary",
        "btnText": "更多.."
      },
      "propEx": {
        "menus": "RidgeAppConfig.state.moreButtons"
      },
      "events": {
        "onItemClick": [
          {
            "store": "RidgeAppConfig",
            "method": "onDropDownMenuClick",
            "payload": ""
          }
        ]
      },
      "visible": true,
      "locked": false,
      "full": false,
      "$id": "https://ridge-ui.com/schemas/element",
      "slots": []
    },
    {
      "title": "对话框_1",
      "path": "ridge-semi/modal",
      "id": "nos8ix35zk",
      "style": {
        "position": "absolute",
        "visible": true,
        "x": 991,
        "y": 40,
        "width": 541,
        "height": 357
      },
      "styleEx": {},
      "props": {
        "value": false,
        "textContent": "默认对话框文本内容",
        "showHeader": true,
        "showFooter": true,
        "closeOnEsc": false,
        "mask": true,
        "maskClosable": false,
        "title": "保存应用到云端",
        "content": "chu2a8c4mq"
      },
      "propEx": {
        "value": "RidgeAppConfig.state.dialogAppPublish",
        "confirmLoading": "RidgeAppConfig.state.appPublishing"
      },
      "events": {
        "onOk": [
          {
            "store": "RidgeAppConfig",
            "method": "publishApp",
            "payload": ""
          }
        ]
      },
      "visible": true,
      "locked": false,
      "full": false,
      "$id": "https://ridge-ui.com/schemas/element",
      "slots": [
        "chu2a8c4mq"
      ]
    },
    {
      "title": "发布对话框内容_模板",
      "path": "ridge-container/flex",
      "id": "chu2a8c4mq",
      "style": {
        "position": "absolute",
        "visible": true,
        "x": 1101,
        "y": 657,
        "width": 384,
        "height": 134
      },
      "styleEx": {},
      "props": {
        "direction": "column",
        "justify": "flex-start",
        "alignItems": "flex-start",
        "flexWrap": false,
        "children": [
          "rc5vsyb4hm",
          "yoonyjbuv1",
          "ls5iufez6r",
          "jdrtgqtd0y"
        ],
        "gap": 0,
        "padding": 8,
        "classList": []
      },
      "propEx": {},
      "events": {},
      "visible": true,
      "locked": false,
      "full": false,
      "$id": "https://ridge-ui.com/schemas/element",
      "slots": [],
      "slot": true
    },
    {
      "title": "弹性容器_3",
      "path": "ridge-container/flex",
      "id": "rc5vsyb4hm",
      "style": {
        "position": "absolute",
        "visible": true,
        "x": 0,
        "y": 0,
        "width": 360,
        "height": 34
      },
      "styleEx": {},
      "props": {
        "direction": "row",
        "justify": "flex-start",
        "alignItems": "flex-start",
        "flexWrap": false,
        "children": [
          "1k9ow715gf",
          "mdgjqg7wrv"
        ],
        "gap": 8,
        "padding": 8,
        "classList": []
      },
      "propEx": {},
      "events": {},
      "visible": true,
      "locked": false,
      "full": false,
      "$id": "https://ridge-ui.com/schemas/element",
      "slots": []
    },
    {
      "title": "弹性容器_4",
      "path": "ridge-container/flex",
      "id": "yoonyjbuv1",
      "style": {
        "position": "absolute",
        "visible": true,
        "x": 0,
        "y": 0,
        "width": 360,
        "height": 43
      },
      "styleEx": {},
      "props": {
        "direction": "row",
        "justify": "flex-start",
        "alignItems": "flex-start",
        "flexWrap": false,
        "children": [
          "r2xl3o2vln",
          "qeczmnuwwf"
        ],
        "gap": 8,
        "padding": 8,
        "classList": []
      },
      "propEx": {},
      "events": {},
      "visible": true,
      "locked": false,
      "full": false,
      "$id": "https://ridge-ui.com/schemas/element",
      "slots": []
    },
    {
      "title": "弹性容器_5",
      "path": "ridge-container/flex",
      "id": "ls5iufez6r",
      "style": {
        "position": "absolute",
        "visible": true,
        "x": 0,
        "y": 0,
        "width": 360,
        "height": 40
      },
      "styleEx": {},
      "props": {
        "direction": "row",
        "justify": "flex-start",
        "alignItems": "flex-start",
        "flexWrap": false,
        "children": [
          "6ecr8054hj",
          "p836mlsb5r",
          "ereppafqr8"
        ],
        "gap": 3,
        "padding": 8,
        "classList": []
      },
      "propEx": {},
      "events": {},
      "visible": true,
      "locked": false,
      "full": false,
      "$id": "https://ridge-ui.com/schemas/element",
      "slots": []
    },
    {
      "title": "复选框",
      "path": "ridge-semi/checkbox",
      "id": "6ecr8054hj",
      "style": {
        "position": "absolute",
        "visible": true,
        "x": 0,
        "y": 0,
        "width": 188,
        "height": 21
      },
      "styleEx": {},
      "props": {
        "value": [],
        "options": [
          {
            "label": "同时也发布到npm服务",
            "value": "publish"
          }
        ],
        "direction": "vertical",
        "type": "default",
        "disabled": false
      },
      "propEx": {
        "value": "RidgeAppConfig.state.publishOnSave",
        "disabled": "RidgeAppConfig.state.publishDisabled"
      },
      "events": {},
      "visible": true,
      "locked": false,
      "full": false,
      "$id": "https://ridge-ui.com/schemas/element",
      "slots": []
    },
    {
      "title": "文本_3",
      "path": "ridge-semi/text",
      "id": "1k9ow715gf",
      "style": {
        "position": "absolute",
        "visible": true,
        "x": 0,
        "y": 0,
        "width": 97,
        "height": 29
      },
      "styleEx": {},
      "props": {
        "size": "normal",
        "copyable": false,
        "ellipsis": false,
        "type": "primary",
        "link": "",
        "classList": [],
        "text": "应用名称"
      },
      "propEx": {},
      "events": {},
      "visible": true,
      "locked": false,
      "full": false,
      "$id": "https://ridge-ui.com/schemas/element",
      "slots": []
    },
    {
      "title": "文本_4",
      "path": "ridge-semi/text",
      "id": "r2xl3o2vln",
      "style": {
        "position": "absolute",
        "visible": true,
        "x": 0,
        "y": 0,
        "width": 99,
        "height": 21
      },
      "styleEx": {},
      "props": {
        "text": "版本号",
        "size": "normal",
        "copyable": false,
        "ellipsis": false,
        "type": "primary",
        "link": "",
        "classList": []
      },
      "propEx": {},
      "events": {},
      "visible": true,
      "locked": false,
      "full": false,
      "$id": "https://ridge-ui.com/schemas/element",
      "slots": []
    },
    {
      "title": "文本_5",
      "path": "ridge-semi/text",
      "id": "mdgjqg7wrv",
      "style": {
        "position": "absolute",
        "visible": true,
        "x": 0,
        "y": 0,
        "width": 231,
        "height": 28
      },
      "styleEx": {},
      "props": {
        "text": "文本",
        "size": "normal",
        "copyable": false,
        "ellipsis": false,
        "type": "primary",
        "link": "",
        "classList": []
      },
      "propEx": {
        "text": "RidgeAppConfig.state.packageName"
      },
      "events": {},
      "visible": true,
      "locked": false,
      "full": false,
      "$id": "https://ridge-ui.com/schemas/element",
      "slots": []
    },
    {
      "title": "文本_6",
      "path": "ridge-semi/text",
      "id": "qeczmnuwwf",
      "style": {
        "position": "absolute",
        "visible": true,
        "x": 0,
        "y": 0,
        "width": 211,
        "height": 27
      },
      "styleEx": {},
      "props": {
        "text": "文本",
        "size": "normal",
        "copyable": false,
        "ellipsis": false,
        "type": "primary",
        "link": "",
        "classList": []
      },
      "propEx": {
        "text": "RidgeAppConfig.state.packageVersion"
      },
      "events": {},
      "visible": true,
      "locked": false,
      "full": false,
      "$id": "https://ridge-ui.com/schemas/element",
      "slots": []
    },
    {
      "title": "文本_7",
      "path": "ridge-semi/text",
      "id": "jdrtgqtd0y",
      "style": {
        "position": "absolute",
        "visible": true,
        "x": 0,
        "y": 0,
        "width": 342,
        "height": 19
      },
      "styleEx": {},
      "props": {
        "text": "文本",
        "size": "normal",
        "copyable": false,
        "ellipsis": false,
        "type": "danger",
        "link": "",
        "classList": []
      },
      "propEx": {
        "text": "RidgeAppConfig.state.publishErrorMsg"
      },
      "events": {},
      "visible": true,
      "locked": false,
      "full": false,
      "$id": "https://ridge-ui.com/schemas/element",
      "slots": []
    },
    {
      "title": "文本_8",
      "path": "ridge-semi/text",
      "id": "p836mlsb5r",
      "style": {
        "position": "absolute",
        "visible": true,
        "x": 0,
        "y": 0,
        "width": 89,
        "height": 19
      },
      "styleEx": {},
      "props": {
        "size": "normal",
        "copyable": false,
        "ellipsis": false,
        "type": "success",
        "link": "",
        "classList": [],
        "text": "付费用户专享"
      },
      "propEx": {},
      "events": {},
      "visible": true,
      "locked": false,
      "full": false,
      "$id": "https://ridge-ui.com/schemas/element",
      "slots": []
    },
    {
      "title": "按钮",
      "path": "ridge-semi/button",
      "id": "8tlocdm1pu",
      "style": {
        "position": "absolute",
        "visible": true,
        "x": 0,
        "y": 0,
        "width": 76,
        "height": 31
      },
      "styleEx": {},
      "props": {
        "text": "保存配置",
        "size": "default",
        "theme": "light",
        "disabled": false,
        "loading": false
      },
      "propEx": {},
      "events": {
        "onClick": [
          {
            "store": "RidgeAppConfig",
            "method": "save",
            "payload": ""
          }
        ]
      },
      "visible": true,
      "locked": false,
      "full": false,
      "$id": "https://ridge-ui.com/schemas/element",
      "slots": []
    },
    {
      "title": "文本",
      "path": "ridge-semi/text",
      "id": "opzon68zfv",
      "style": {
        "position": "absolute",
        "visible": true,
        "x": 0,
        "y": -1,
        "width": 47,
        "height": 20
      },
      "styleEx": {},
      "props": {
        "size": "default",
        "type": "secondary",
        "classList": [],
        "text": "关键字"
      },
      "propEx": {},
      "events": {},
      "visible": true,
      "locked": false,
      "full": false,
      "slots": [],
      "$id": "https://ridge-ui.com/schemas/element"
    },
    {
      "title": "标签输入",
      "path": "ridge-semi/taginput",
      "id": "txwtzponmx",
      "style": {
        "position": "absolute",
        "visible": true,
        "x": 552,
        "y": 149,
        "width": 294,
        "height": 31
      },
      "styleEx": {},
      "props": {
        "value": "",
        "size": "default",
        "validateStatus": "default",
        "disabled": false
      },
      "propEx": {
        "value": "RidgeAppConfig.state.packageKeywords"
      },
      "events": {},
      "visible": true,
      "locked": false,
      "full": false,
      "$id": "https://ridge-ui.com/schemas/element",
      "slots": []
    },
    {
      "title": "气泡提示",
      "path": "ridge-semi/popover",
      "id": "ereppafqr8",
      "style": {
        "position": "absolute",
        "visible": true,
        "x": 158,
        "y": 864,
        "width": 17,
        "height": 23
      },
      "styleEx": {},
      "props": {
        "icon": "IconPrizeStroked",
        "color": "light-green",
        "size": 18,
        "position": "top",
        "text": "直接发布到npm服务，可以直接通过在线地址访问到应用"
      },
      "propEx": {},
      "events": {},
      "visible": true,
      "locked": false,
      "full": false,
      "$id": "https://ridge-ui.com/schemas/element",
      "slots": []
    },
    {
      "title": "对话框_2",
      "path": "ridge-semi/modal",
      "id": "d8bxkbczt0",
      "style": {
        "position": "absolute",
        "visible": true,
        "x": 1005,
        "y": 435,
        "width": 518,
        "height": 263
      },
      "styleEx": {},
      "props": {
        "value": false,
        "textContent": "默认对话框文本内容",
        "showHeader": true,
        "showFooter": true,
        "closeOnEsc": false,
        "mask": false,
        "maskClosable": false,
        "title": "打开我的应用",
        "content": "c1q6880mzi"
      },
      "propEx": {
        "value": "RidgeAppConfig.state.dialogOpenApp"
      },
      "events": {
        "onOk": [
          {
            "store": "RidgeAppConfig",
            "method": "doOpenApp",
            "payload": ""
          }
        ]
      },
      "visible": true,
      "locked": false,
      "full": false,
      "$id": "https://ridge-ui.com/schemas/element",
      "slots": [
        "c1q6880mzi"
      ]
    },
    {
      "title": "打开应用_模板",
      "path": "ridge-container/flex",
      "id": "c1q6880mzi",
      "style": {
        "position": "absolute",
        "visible": true,
        "x": 1064,
        "y": 670,
        "width": 333,
        "height": 100
      },
      "styleEx": {},
      "props": {
        "direction": "column",
        "justify": "flex-start",
        "alignItems": "flex-start",
        "flexWrap": false,
        "children": [
          "0ie6gsthqn",
          "xnh06gp6sn"
        ],
        "gap": 8,
        "padding": 8,
        "classList": []
      },
      "propEx": {},
      "events": {},
      "visible": true,
      "locked": false,
      "full": false,
      "$id": "https://ridge-ui.com/schemas/element",
      "slots": [],
      "slot": true
    },
    {
      "title": "下拉选择",
      "path": "ridge-semi/select",
      "id": "o7o4rkyqsg",
      "style": {
        "position": "absolute",
        "visible": true,
        "x": 0,
        "y": 121,
        "width": 301,
        "height": 31
      },
      "styleEx": {},
      "props": {
        "value": "",
        "options": [
          {
            "label": "选项1",
            "value": "value1"
          },
          {
            "label": "选项2",
            "value": "value2"
          }
        ],
        "size": "default",
        "multiple": false,
        "showClear": false,
        "filter": true,
        "disabled": false,
        "validateStatus": "default"
      },
      "propEx": {
        "options": "RidgeAppConfig.state.appListOptions",
        "value": "RidgeAppConfig.state.openAppName"
      },
      "events": {},
      "visible": true,
      "locked": false,
      "full": false,
      "$id": "https://ridge-ui.com/schemas/element",
      "slots": []
    },
    {
      "title": "弹性容器_6",
      "path": "ridge-container/flex",
      "id": "0ie6gsthqn",
      "style": {
        "position": "absolute",
        "visible": true,
        "x": 0,
        "y": 0,
        "width": 427,
        "height": 51
      },
      "styleEx": {},
      "props": {
        "direction": "row",
        "justify": "flex-start",
        "alignItems": "center",
        "flexWrap": false,
        "children": [
          "3twby0qubo",
          "o7o4rkyqsg"
        ],
        "gap": 8,
        "padding": 8,
        "classList": []
      },
      "propEx": {},
      "events": {},
      "visible": true,
      "locked": false,
      "full": false,
      "$id": "https://ridge-ui.com/schemas/element",
      "slots": []
    },
    {
      "title": "文本_9",
      "path": "ridge-semi/text",
      "id": "3twby0qubo",
      "style": {
        "position": "absolute",
        "visible": true,
        "x": 0,
        "y": -5,
        "width": 89,
        "height": 19
      },
      "styleEx": {},
      "props": {
        "size": "normal",
        "copyable": false,
        "ellipsis": false,
        "type": "primary",
        "link": "",
        "classList": [],
        "text": "选择应用"
      },
      "propEx": {},
      "events": {},
      "visible": true,
      "locked": false,
      "full": false,
      "$id": "https://ridge-ui.com/schemas/element",
      "slots": []
    },
    {
      "title": "文本_10",
      "path": "ridge-semi/text",
      "id": "xnh06gp6sn",
      "style": {
        "position": "absolute",
        "visible": true,
        "x": 0,
        "y": 0,
        "width": 383,
        "height": 19
      },
      "styleEx": {},
      "props": {
        "size": "normal",
        "copyable": false,
        "ellipsis": false,
        "type": "danger",
        "link": "",
        "classList": [],
        "text": "请注意：现有应用内容将被清空，请及时导出或者保存到云端"
      },
      "propEx": {},
      "events": {},
      "visible": true,
      "locked": false,
      "full": false,
      "$id": "https://ridge-ui.com/schemas/element",
      "slots": []
    },
    {
      "title": "按钮_4",
      "path": "ridge-semi/button",
      "id": "zwru11vtc6",
      "style": {
        "position": "absolute",
        "visible": true,
        "x": 0,
        "y": 0,
        "width": 32,
        "height": 32
      },
      "styleEx": {},
      "props": {
        "icon": "IconDeleteStroked",
        "size": "default",
        "theme": "light",
        "disabled": false,
        "loading": false,
        "type": "danger"
      },
      "propEx": {},
      "events": {
        "onClick": [
          {
            "store": "RidgeAppConfig",
            "method": "deleteDependency",
            "payload": ""
          }
        ]
      },
      "visible": true,
      "locked": false,
      "full": false,
      "$id": "https://ridge-ui.com/schemas/element",
      "slots": []
    },
    {
      "title": "弹性容器_2",
      "path": "ridge-container/flex",
      "id": "obmri3yrzz",
      "style": {
        "position": "absolute",
        "visible": true,
        "x": 0,
        "y": 0,
        "width": 706,
        "height": 22
      },
      "styleEx": {},
      "props": {
        "direction": "row",
        "justify": "flex-start",
        "alignItems": "flex-start",
        "flexWrap": false,
        "fill": false,
        "children": [
          "yv4gtp7gy5",
          "o7laxleia0",
          "ukmacgbioa"
        ],
        "gap": 8,
        "padding": 0,
        "classList": []
      },
      "propEx": {},
      "events": {},
      "visible": true,
      "locked": false,
      "full": false,
      "$id": "https://ridge-ui.com/schemas/element",
      "slots": []
    }
  ],
  "name": "AppConf",
  "children": [
    "h1n1smb50c",
    "16q5hl7gz4",
    "nos8ix35zk",
    "d8bxkbczt0"
  ]
}