{
  "version": "1.2.0",
  "style": {
    "width": 30,
    "background": "",
    "classNames": [],
    "height": 30,
    "widthFix": true,
    "heightFix": true
  },
  "properties": {},
  "cssFiles": [],
  "jsFiles": [
    "composite:///js/val.js"
  ],
  "elements": [
    {
      "title": "按钮",
      "path": "ridge-semi/button",
      "id": "lw18bd1lcr",
      "style": {
        "position": "absolute",
        "visible": true,
        "x": -3,
        "y": 0,
        "width": 31,
        "height": 31
      },
      "styleEx": {
        "visible": null
      },
      "props": {
        "size": "default",
        "theme": "borderless",
        "disabled": false,
        "loading": false,
        "icon": "IconPlusCircleStroked",
        "type": "tertiary",
        "iconSize": 20
      },
      "propEx": {},
      "events": {
        "onClick": [
          {
            "store": "Vals",
            "method": "setVisibleTrue",
            "payload": ""
          }
        ]
      },
      "visible": true,
      "locked": false,
      "full": false,
      "$id": "https://ridge-ui.com/schemas/element",
      "slots": []
    },
    {
      "title": "对话框",
      "path": "ridge-semi/modal",
      "id": "5f5a2fuuz8",
      "style": {
        "position": "absolute",
        "visible": true,
        "x": 107,
        "y": 15,
        "width": 1245,
        "height": 717
      },
      "styleEx": {},
      "props": {
        "value": false,
        "textContent": "默认对话框文本内容",
        "showHeader": true,
        "showFooter": false,
        "mask": false,
        "confirmLoading": false,
        "content": "y9h91th74b",
        "title": "查找组件包"
      },
      "propEx": {
        "value": "Vals.state.visible"
      },
      "events": {},
      "visible": true,
      "locked": false,
      "full": false,
      "$id": "https://ridge-ui.com/schemas/element",
      "slots": [
        "y9h91th74b"
      ]
    },
    {
      "title": "组件列表_模板",
      "path": "ridge-container/composite",
      "id": "y9h91th74b",
      "style": {
        "position": "absolute",
        "visible": true,
        "x": 69,
        "y": 545,
        "width": 1320,
        "height": 640
      },
      "styleEx": {},
      "props": {
        "pagePath": "/pages/repo-components",
        "classList": []
      },
      "propEx": {},
      "events": {},
      "visible": true,
      "locked": false,
      "full": false,
      "$id": "https://ridge-ui.com/schemas/element",
      "slots": [],
      "slot": true
    }
  ],
  "name": "DialogRepoApp",
  "children": [
    "lw18bd1lcr",
    "5f5a2fuuz8"
  ]
}